name,chords
Youve Got To Hide Your Love Away,"D,A,C,G,D,G,C,G,D,A,C,G,D,G,C,G,A,D,A,C,G,D,G,C,G,D,A,C,G,D,G,C,G,A,D,G,A,D,G,A,D,A,C,G,D,G,C,G,D,A,C,G,D,G,C,G,A,D,A,C,G,D,G,C,G,D,A,C,G,D,G,C,G,A,D,G,A,D,G,A"
Youve Got To Hide Your Love,"G,G6,G,G,D,C/E,G,C,C/E,G,D,C/E,G,C,C/E,D,G,D,G,C,C/E,G,D,G,C,C/E,D,D/C,D/B,D/A,G,C,Dsus4,D,D,G,G6,D,C/E,C,D/C,D/B,D/A,Dsus4"
Youre Going To Lose That Girl,"E,C#m7,F#m7,B7,E,G#7,F#m7,B7,E,G#7,F#m7,B7,B7,E,C#m7,F#m7,B7,B7,E,C#m7,F#m7,B7,B7,F#m7,D,G,C,G,C,F,E,G#7,B7,F#m7,D,G,C,G,C,F,E,G#7,F#m7,B7,E,G#7,F#m7,B7,B7,E,C#m7,F#m7,B7,F#m7,D,A,E"
Your Mother Should Know,"Am,C,A7,Dm,G7,C,A7,Dm,G7,C,Em,Am,C,A7,Dm,G7,C,A7,Dm,G7,C,Am,C,A7,Dm,G7,C,A7,Dm,G7,C,A7,Dm,G7,C,Em,Am,C,A7,Dm,G7,C,A7,Dm,G7,C,A7,Dm,C,A7,Dm,C"
Young Blood,"A,D,A,D,E,A,D,A,D,E,G#,A,G#,A,G,G#,A,G#,A,E,A,D,A,D,E,D,A,D,E,A"
You Wont See Me,"D,A,A,B7,D,A,A,B7,D,A,A7,D,Dm,A,A,B7,D,A,D,A,A,B7,D,A,A,B7,D,A,A7,D,Dm,A,A,B7,D,A,D,A,D6,Dm6,A,B7,E7sus4,E7,A,B7,D,A,A,B7,D,A,A7,D,Dm,A,A,B7,D,A,D,A,D6,Dm6,A,B7,E7sus4,E7,A,B7,D,A,A,B7,D,A,A7,D,Dm,A,A,B7,D,A,D,A,A,B7,D,A"
You Really Got A Hold On Me,"A,F#m,A,F#m,A,F#m,A,A7,D,B7,E7,A,F#m,A,A7,D,A,E7,A,A/F#,F#m,E,A,A,A/F#,F#m,E,A,F#m,A,F#m,A,A6"
What Goes On,"E7,B7,E7,E7,A7,E7,A7,B7sus4,B7,E,E7,Am,E7,Am,B7,E7,B7,E7,A7,E7,A7,B7sus4,B7,E,E7,Am,E7,Am,B7,E7,B7,E7,E7,A7,E7,A7,B7,E7,E7,Am,E7,Am,B7,E7,B7,E7,A7,E7,A7,B7sus4,B7,E,E7, E"
We Can Work It Out,"D,Dsus4,D,Dsus4,C,D,D,Dsus4,D,D,Dsus4,C,D,G,D,G,A,D,Dsus4,D,D,Dsus4,C,D,D,Dsus4,D,D,Dsus4,C,D,G,D,G,A,Bm,Bm/A,G,F#7sus4,F#,Bm,Bm/A,Bm/G,Bm/F#,Bm,Bm/A,G,F#7sus4,F#,Bm,Bm/A,Bm/G,Bm/F#,D,Dsus4,D,Dsus4,C,D,D,Dsus4,D,D,Dsus4,C,D,G,D,G,A,Bm,Bm/A,G,F#7sus4,F#,Bm,Bm/A,Bm/G,Bm/F#,Bm,Bm/A,G,F#7sus4,F#,Bm,Bm/A,Bm/G,Bm/F#,D,Dsus4,D,Dsus4,C,D,D,Dsus4,D,D,Dsus4,C,D,G,D,G,A,D,Dsus4,D,D,Dsus4,C,G,A,Bm,Bm/A,F#7sus4,F#,Bm/G,Bm/F#,G,C,G,G,C,F,G,G,C,G,G,C,F,G,C,G,C,D,G,C,G,G,C,F,G,G,C,G,G,C,F,G,C,G,C,D,Em,Am,B,B,Em,D,C,D,Em,Am,B,B,Em,D,C,D,G,C,G,G,C,F,G,G,C,G,G,C,F,G,C,G,C,D,E,A,D,G,B,E,A,D,G,B,E"
Watching Rainbows,"A,D,A,D,A,D,A,D,A,D,A,D,A,D,A,D,A,D,A,D,A,D,A,D,A,D,A,A,D,A,D,A,D,A,D,A,D,A,D,A,D,A,D,A,A,D,E,A,D,E,A,D,E,A,D,A,D,A,D,E,A,D,E,A,D,E,A,D,E,A,D,A,D,A,D,A,D,A,D,A,D,E"
The Long And Winding Road,"Bm,G,G/D,D,D7,F#m,Em,A,Bm,G/D,D,D7,G,F#m,Bm,Em,A,D,D7,G,F#m,Bm,Em,A,D,Bm,G/D,D,D7,G,G,F#m,Bm,Em,A,D,D7,G,F#m,Bm,Em,A,D,D,G,F#m,Em,A,D,G,F#m,Em,A,Bm,G/D,D,D7,G,F#m,Bm,Em,A,D,D7,G,F#m,Bm,Em,A,D,D,G,F#m,Em,A,D,G,F#m,Em,A,Bm,G/D,D,D7,G,F#m,Bm,Em,Asus4,A,D7,G,F#m,Bm,Em,A,D,Em,A,D"
Shes Leaving Home,"A,Bm,F#m7/B,B9,Bm6,C#m,C#m7,E,F#m,E,E,Bm,F#m,C#m,F#7,F#m7/B,B9,F#m7/B,B9,E,Bm,F#m,C#m,F#7,F#m7/B,B9,F#m7/B,B9,E,E,E,Bm6,C#m,F#7,C#m,F#7,E,Bm,F#m,C#m,F#7,F#m7/B,B9,F#m7/B,B9,E,Bm,F#m,C#m,F#7,F#m7/B,B9,F#m7/B,B9,E,E,E,Bm6,C#m,F#7,C#m,F#7,E,Bm,F#m,C#m,F#7,F#m7/B,B9,F#m7/B,B9,E,E,E,Bm6,C#m,F#7,C#m,F#7,C#m7,F#,A,E"
Shes A Woman,"E7,D7,A,A,D7,A,A,D7,A,D7,D7,A,D7,A,E7,D7,A,D7,A,E7,A,D7,A,A,D7,A,D7,D7,A,D7,A,E7,D7,A,D7,A,E7,C#m,F#m,C#m,D,E,A,D7,A,A,D7,A,D7,D7,A,D7,A,E7,D7,A,D7,A,E7,C#m,F#m,C#m,D,E,A,D7,A,A,D7,A,D7,D7,A,D7,A,E7,D7,A,D7,A,E7,A,D7,A,D7,A,D7,A,D7"
She Said She Said,"E7,D,A,E7,D,A,E7,D,A,E7,D,A,E7,E7,D,A,E7,E7,D,A,E7,D,A,E7,D,A,E7,D,A,E7,E7,D,A,E7,E7,D,E7,D,E7,Bm,E7,A,E7,A,E7,D,A,E7,D,A,E7,D,A,E7,D,A,E7,E7,D,A,E7,E7,D,E7,D,E7,Bm,E7,A,E7,A,E7,D,A,E7,D,A,E7,D,A,E7,D,A,E7,E7,D,A,E7,E7"
Penny Lane,"B,B/A#,G#m7,B/F#,C#m7,F#,B,B/A#,G#m7,B/F#,Bm7,G#m7b5,Gmaj7,F#sus4,F#,F#sus4,F#,B,B/A#,G#m7,B/F#,C#m7,F#,B,B/A#,G#m7,B/F#,Bm7,G#m7b5,Gmaj7,F#sus4,F#,E,A,A/C#,D,A,A/C#,D,F#,B,B/A#,G#m7,B/F#,C#m7,F#,B,B/A#,G#m7,B/F#,Bm7,G#m7b5,Gmaj7,F#sus4,F#,F#sus4,F#,B,B/A#,G#m7,B/F#,C#m7,F#,B,B/A#,G#m7,B/F#,Bm7,G#m7b5,Gmaj7,F#sus4,F#,E,A,A/C#,D,A,A/C#,D,F#,B,B/A#,G#m7,B/F#,C#m7,F#,B,B/A#,G#m7,B/F#,Bm7,G#m7b5,Gmaj7,F#sus4,F#,F#sus4,F#,B,B/A#,G#m7,B/F#,C#m7,F#,B,B/A#,G#m7,B/F#,Bm7,G#m7b5,Gmaj7,F#sus4,F#,E,A,A/C#,D,A,A/C#,D,F#,B,B/D#,E,B,B/D#,E,B"
Paperback Writer,"G7,G7,G7,G7,C,G7,G7,G7,G7,C,G7,G7,G7,G7,C,G7,G7,G7,G7,G7,C,G7"
Michelle,"F,Bbm7,Eb6,Bdim7/D,C,Bdim7,C,F,Bbm7,Eb6,Bdim7/D,Bdim7,C,Bdim7,C,Fm,Ab7,Db,C7,Fm,Fm/C,Caug,Fm7,Dm7b5/F,Bbm/F,C,F,Bbm7,Eb6,Ddim,Bdim7,C,Bdim7,C,Fm,Ab7,Db,C7,Fm,Fm/C,Caug,Fm7,Dm7b5/F,Bbm/F,C,Fm,Ab7,Db,C7,Fm,Fm/C,Caug,Fm7,Dm7b5/F,Bbm/F,C,F,Bbm7,Eb6,Ddim,Bdim7,C,Bdim7,C,F,Bbm7,C,Fm,C,F"
Memphis Tennessee,"C,F,C,C,C,C,C,F,F,C,Bb,C,F,C,C,C,C,F,F,C,Bb,C,F,C,C,C,C,F,F,C,Bb,C,F,C,F,C,Bb,C,F,C,C,C,C,F,F,C,Bb,C,F,F"
Ive Got A Feeling,"A,D,A,D,A,D,A,D,A,D,A,D,A,D,A,A7,E,G,D,A,A,D,A,D,A,D,A,D,A,D,A,A7,E,G,D,A,A,E7,G7,D,D,A,A,D,A,D,A,D,A,D,A,D,A,D,A,A7,E,G,D,A,A,D,A,D,A,D,A,D,A,D,A,D,A,D,A,D,A,D"
Its Only Love,"G,Em,G,Em,G,Bm,F,C,Dsus4,D,Dsus2,D,Daug,G,Bm,F,C,Dsus4,D,Dsus2,D,Daug,C,D,G,Em,F,D,G,Em,F,D,C,D,G,Bm,F,C,Dsus4,D,Dsus2,D,Daug,G,Bm,F,C,Dsus4,D,Dsus2,D,Daug,C,D,G,Em,F,D,G,Em,F,D,C,D,C,D,G,Em,G,Em,G,Em,G,F,G,Em,Bm,F,C,Dsus4,D,Dsus2,Daug"
If I Needed Someone,"A,A,G/A,A,Em,F#,Bm,Em,F#,Bm,E"
If I Fell,"Ebm,D,Db,Bbm,Ebm,D,Em,A,D,Em,F#m,Fdim7,Em,A,D,Em,F#m,Em,A,D,Gm,A,D,Em,F#m,Em7,A,D,Em,F#m,Em7,A7,D9,G,Gm,D,A7,D,Em,F#m,Em7,A,D,Em,F#m,Em7,A,A7,D9,G,Gm,D,A7,D,Em,F#m,Em7,A,D,Em,F#m,Em7,A,D,Gm,D,Gm,D"
Hey Bulldog,"B7,F#m,B7,F#m,A,F#m,E,A,F#m,B7,B7,F#m,B7,F#m,A,F#m,E,A,F#m,B7,Bm,Gmaj,Bm7,Em,Em6,Em7,Bm,Em,B7,F#m,B7,F#m,A,F#m,E,A,F#m,B7,Bm,Gmaj,Bm6,Bm7,Em,Em6,Em7,Bm,Em,B7,F#m,A,E,Bm,Gmaj,Bm7,Em,Em6,Em7"
Here There And Everywhere,"Gm,Cm,D7,G,Gm,Cm,D7,G,G,Bm,Bb,Am7,D7,G,Am,Bm,C,G,Am,Bm,C,F#m7,B7,F#m7,B7,Em,Am,Am7,D7,G,Am,Bm,C,G,Am,Bm,C,F#m7,B7,F#m7,B7,Em,Am,Am7,D7,F,Bb,Gm,Cm,D7,Gm,Cm,D7,G,Am,Bm,C,G,Am,Bm,C,F#m7,B7,F#m7,B7,Em,Am,Am7,D7,F,Bb,Gm,Cm,D7,Gm,Cm,D7,G,Am,Bm,C,G,Am,Bm,C,F#m7,B7,F#m7,B7,Em,Am,Am7,D7,G,Am,Bm,C,G,Am,Bm,C,G"
From Me To You,"C,Am,C,Am,C,Am,C,G7,F,Am,C,G7,C,Am,C,Am,C,G7,F,Am,C,G7,C,C7,Gm7,C7,F,Am,D7,G,Gaug,C,Am,C,G7,F,Am,C,G7,C,C7,C,Am,C,G,F,Am,C,G,C,C7,Gm7,C7,F,Am,D7,G,Gaug,C,Am,C,G7,F,Am,C,G7,C,Am,Ab,C,Am,C,Am,G7,F7,C7,Gm7,F,D7,G,Gaug,Abaug,Caug"
Free As A Bird,"A,F#m,Dm,E,A,F#m,Dm,G,C,Am,Esus4,E,A,F#m,Dm,E,A,F#m,Dm,E,A,F#m,Dm,G,C,Am,Esus4,E,A,F#m,Dm,E,A,F#m,Dm,E,A,F#m,Dm,G,C,Am,Esus4,E,Fmaj7,F#m7b5,Am/F#,G,A,A/G,Fmaj7,F#m7b5,G,E,A,F#m,Dm,E,A,F#m,Dm,E,A,F#m,Dm,G,C,Am,Esus4,E,A,F#m,Dm,E,A,F#m,Dm,E,A,F#m,Dm,G,C,Am,Esus4,E,Fmaj7,F#m7b5,Am/F#,G,E,C,Am,F,Ab,G,A,F#m,Dm,E,A,F#m,Dm,E,A,F#m,Dm,G,A,F#m,Dm,G,A,F#m,Dm,G,A,F#m"
Dear Prudence,"D,D/C,D/B,D/Bb,D,D/C,D/B,D/Bb,D,D/C,D/B,D/Bb,D,D/C,D/B,D/Bb,D,D/C,D/B,D/Bb,D,D/C,C,G,D,D/C,D/B,D/Bb,D,D/C,D/B,D/Bb,D,D/C,D/B,D/Bb,D,D/C,D/B,D/Bb,D,D/C,D/B,D/Bb,D,D/C,D/B,D/Bb,D,D/C,C,G,D,G/D,A/D,G/D,D,F,Ab,G,D,D,D/C,D/B,D/Bb,D,D/C,D/B,D/Bb,D,D/C,D/B,D/Bb,D,D/C,D/B,D/Bb,D,D/C,D/B,D/Bb,D,D/C,C,G,D,D,D/C,Gm7/B,Gm7/Bb,Dsus4,D5,D,D/C,Gm7/B,Gm7/Bb,D,D/C,Gm7/B,Gm7/Bb,D,D/C,Gm7/B,Gm7/Bb,D,D/C,Gm7/B,Gm7/Bb,D,D/C,Gm7/B,Gm7/Bb,D,D/C,C,G,D,D/C,Gm7/B,Gm7/Bb,D,D/C,Gm7/B,Gm7/Bb,D,D/C,Gm7/B,Gm7/Bb,D,D/C,Gm7/B,Gm7/Bb,D,D/C,Gm7/B,Gm7/Bb,D,D/C,Gm7/B,Gm7/Bb,D,D/C,C,G,D,Dsus4,D5,Dsus4,D,Dsus4,D,Dsus4,D,Dsus4,D,Dsus4,D,F,C,G,D,D,D/C,Gm7/B,Gm7/Bb,D,D/C,Gm7/B,Gm7/Bb,D,D/C,Gm7/B,Gm7/Bb,D,D/C,Gm7/B,Gm7/Bb,D,D/C,Gm7/B,Gm7/Bb,D,D/C,C,G,D,D/C,Gm7/B,Gm7/Bb,D,D/C,Gm7/B,Gm7/Bb,D,D/C,Gm7/B,Gm7/Bb,D,D/C,Gm7/B,Gm7/Bb,D,D/C,Gm7/B,Gm7/Bb,D,D/C,Gm7/B,Gm7/Bb,D,D/C,C,G,D,D/C,Gm7/B,Gm7/Bb"
Day Tripper,"E7,E7,E7,E7,E7,E7,E7,E7,E7,A7,E7,F#,A,G#,C#,B,E7,E7,A7,E7,E7,A7,F#,A,G#,C#,B"
Any Time At All,"Bm,D,A,G,Dsus4,Dsus2,F#m,Gm,A7,Bm,D,A,Bm,G,A,Dsus4,D,Dsus2,D,F#m,Bm,Gm,D,A,D,F#m,Bm,Gm,D,A,Dsus4,D,Dsus2,D,Bm,D,A,Bm,G,A,Dsus4,D,Dsus2,D,F#m,Bm,Gm,D,A,D,F#m,Bm,Gm,D,A,Dsus4,D,Dsus2,D,Bm,D,A,Bm,G,A,Dsus4,D,Dsus2,D,A,A7,A,A7,G,A,G,A,Dsus4,D,Dsus2,D,Bm,D,A,Bm,G,A,Dsus4,D,Dsus2,D,G,A,Dsus4,D,Dsus2,D"
Another Girl,"A,D,A,D,A,G,A,D,A,G,A,D,E,A,D,A,D,A,G,A,D,A,G,A,D,E,A,D,A,D,C,G,C,G,C,E,A7,E,A,G,A,D,A,G,A,D,E,A,D,A,D,C,G,C,G,C,E,A7,E,A,G,A,D,A,G,A,D,E,A,D,A,D,A,D,A"
Anna Go To Him,"D,Bm,D,D,Bm,D,Bm,D,Bm,D,Bm,Em,A7,D,Bm,D,Bm,D,Bm,D,Bm,D,Bm,D,Bm,Em,A7,D,G,D,G,Gm,E7,A7,D,Bm,D,Bm,D,Bm,Em,A7,D,Bm,D,Bm,D,Bm,D"
Anna,"D,Bm,D,D,Bm,D,Bm,D,Bm,D,Bm,Em,A7,D,Bm,D,Bm,D,Bm,D,Bm,D,Bm,D,Bm,Em,A7,D,G,D,D7,G,Gm,E7,A7,D,Bm,D,Bm,D,Bm,Em,A7,D,G,D,D7,G,Gm,E7,A7,D,Bm,D,Bm,D,Bm,Em,A7,D,Bm,D,Bm,D,Bm,D,D,C,Bm,Am,Em,Dm,A7,G7,G,F,Gm,Fm,E7,D7"
And Your Bird Can Sing,"E,F#m,A,E,E,F#m,A,E,G#m,Gaug,B,C#,E,F#m,B,G#m,Gaug,B,C#,E,F#m,B,E,F#m,A,E"
And I Love Her,"Em,D,Em,Bm,Em,Bm,Em,Bm,G,A,D,Em,Bm,Em,Bm,Em,Bm,G,A,D,Bm,A,Bm,F#m,Bm,F#m,A,A7,Em,Bm,Em,Bm,Em,Bm,G,A,D,Fm,Cm,Fm,Cm,Fm,Cm,Ab,Bb,Eb,Fm,Cm,Fm,Cm,Fm,Cm,Ab,Bb,Eb,Fm,Cm,Fm,C"
All You Need Is Love,"G,D/F#,Em,G,D/F#,Em,D7/A,G,D7/A,G,D/F#,Em,G,D/F#,Em,D7/A,G,D/F#,D7/A,D7/A,D7,G,D/F#,Em,G,D/F#,Em,D7/A,G,D/F#,D7/A,G,A7,D7,G,A7,D7,G,B7,Em,G/D,C,D7,G,G,D/F#,Em,G,D/F#,Em,D7/A,G,D/F#,D7/A,C,D7,G,G,A7,D7,D7,G,A7,D7,D7,G,A7,D7,G,D,G,A7,B7,C,D,D/F#,D7,D7/A,Em,G,G/D"
All Together Now,"G,D7,G,D7,G,G,D7,G,D7,G,C,G,C,D,G,G,D7,G,G,D7,G,D7,G,G,G,D7,G,G,D7,G,C,G,C,D,G,G,D7,G,G,D7,G,D7,G"
All My Loving,"Em,A7,D,Bm,G,Em,C,A7,Em,A7,D,Bm,G,A,D,Em,A7,D,Bm,G,Em,C,A7,Em,A7,D,Bm,G,A,D,Bm,Bbaug,D,Bm,Bbaug,D,G,D,Em,A,D,D,Em,A7,D,Bm,G,Em,C,A7,Em,A7,D,Bm,G,A,D,Bm,Bbaug,D,Bm,Bbaug,D,Bm,D,Bm,D,D"
All Ive Got To Do,"C#m,E,C#m,F#m,Am,E,C#m,E,C#m,F#m,Am,E,A,C#m,A,E,C#m,A,E,C#m,E,C#m,F#m,Am,E,A,C#m,A,E,C#m,A,E,A,E,C#m,E,C#m"
Aint She Sweet,"E,Edim,B,G#7,C#7,F#7,B7,E,Edim,B,E,Edim,B,E,G#7,C#7,F#7,B7,E,E,Edim,B,E,Edim,B,E,G#7,C#7,F#7,B7,E,A,E,A,E,Edim,B,E,Edim,B,E,G#7,C#7,F#7,B7,E,A,E,A,E,Edim,B,E,Edim,B,E,G#7,C#7,F#7,B7,E,E,Edim,B,E,Edim,B,E,G#7,C#7,F#7,B7,E,A,E,A,E,Edim,B,E,Edim,B,E,G#7,C#7,F#7,B7,E,E,Edim,B,E,Edim,B,E,G#7,C#7,F#7,B7,E,E,G#7,C#7,F#7,B7,E"
Act Naturally,"D7,G,G,C,G,D7,G,C,D7,G,D7,G,D7,G,D7,G,A7,D7,G,C,G,D7,G,C,D7,G,D7,G,D7,G,G,C,G,D7,G,C,D7,G,D7,G,D7,G,D7,G,A7,D7,G,C,G,D7,G,C,D7,G,D7,G"
Across The Universe,"D,F#m,A,D,Bm,F#m,Em7,A,A7,D,Bm,F#m,Em7,Gm,D,A7sus4,A,A7,G,D,A,A7,G,D,D,Bm,F#m,Em7,A,A7,D,Bm,F#m,Em7,A,A7,D,A7sus4,A,A7,G,D,A,A7,G,D,D,Bm,F#m,Em7,Gm,D,Bm,F#m,Em7,A,A7,D,A7sus4,A,A7,G,D,A,A7,G,D,D,D"
A Taste Of Honey,"F#m,A,E,F#m,F#m,Faug,A,B,F#m,Faug,A,B,F#m,A,E,F#m,Bm,F#m,Bm,F#m,A,B,F#m,B,A,E,F#m,F#m,Faug,A,B,F#m,Faug,A,B,F#m,A,E,F#m,Bm,F#m,Bm,F#m,A,B,F#m,B,A,E,F#m,Bm,F#m,Bm,F#m,Bm,F#"
A Shot Of Rhythm And Blues,"D,D,G7,D,A7,G7,A7,G7,G7,D,G7,A7,D,G7,D,G7,A7,D,A,D,A6"
A Picture Of You,"A,G,E,A,G,E,D,E,A,D,A,A,G,E,A,G,E,D,E,A,D,A,C#m,Bm,C#m,Bm,C#m,Bm,C#m,E,A,E,A,A,E,A,A,G,E,A,G,E,D,E,A,D,A,A,G,E,A,G,E,D,E,A,D,A,D,A,D,A,A,D,A,D,E,A,A"
A Hard Days Night,"D7sus4,Fadd9/D,F6add9/A,F6add9/C,Fadd9/D,G,C,F,Fadd9,D,Bm,Em,C6,D7sus4,Fadd9/D,Dm7,F/D,G,Cadd9,F6add9,G7sus4,G,C,G,F,G,G,C,G,F,G,C,D,G,C,G,G,C,G,F,G,G,C,G,F,G,C,D,G,C,G,Bm,Em,Bm,G,Em,C6,D,G,C,G,F,G,G,C,G,F,G,C,D,G,C,G,G,C,G,F,G,G,C,G,F,G,C,D,G,C,G,Bm,Em,Bm,G,Em,C6,D,G,C,G,F,G,G,C,G,F,G,C,D,G,C,G,C,G,C,G,C,G,C,D7sus4,Dm7,D7sus4,Dm7,D7sus4,Dm7,D7sus4,Dm7"
A Day In The Life,"G,Bm,Em,Em7,D,B,Em,Cmaj7,C+9,Cmaj7,B,G,Bm,Em,Em7,Em,C,Em,Am,Cmaj7,Cadd9,Cmaj7,G,Bm,Em,C,F,Em,C,F,Em,C,Bm,Em,E,D,E,B,E,B,E,D,E,B,E,B,C,G,D,A,E,C,G,D,A,E,D,C,D,G"
A Beginning,"Bm7,A,Bm9,F7,F6,B,C#,Am7,Am7/G,F6"
Crying Waiting Hoping,"A,E,A,D,A,E,A,E,A,D,A,E,A,E,A,E,A,D,A,E,A,D,A,E,A,D,A,E,A,D,A,E,A,E,A,D,A,E,A,D,A,A,E,A,D,A,E,A,D,A,E,A,D,A,E,A,D,A,E,A,E,A,D,A,E,A,D,A,A,E,A"
Cry For A Shadow,"G7/F,Fadd9,G7/F,Fadd9,G7/F,Fadd9,G7,C,Am,C,Am,C,Am,C,Am,F,G,C,Am,C,Am,C,Am,C,Am,C,Am,C,Am,F,G,C,Am,C,E7,A7,D7,G7,C,Am,C,Am,C,Am,C,Am,F,G,C,Am,C,Am,G7/F,Fadd9,G7/F,Fadd9,G7/F,Fadd9,G7,C,Am,C,Am,C,Am,C,Am,F,G,C,Am,C,Am,C,Am,C,Am,C,Am,C,Am,F,G,C,Am,C,E7,A7,D7,G7,C,Am,C,Am,C,Am,C,Am,F,G,C,Am,C,Am,G7/F,Fadd9,G7/F,Fadd9,G7/F,Fadd9,G7,C,Am,C,Am,C,Am,C,Am,F,G,C,C6/9"
Cry Baby Cry,"Em7,A7,Em,Em,Em(maj7),Em(maj7)/D#,Em7,Em7/D,Em6,Em6/C#,Fm7,G,Am,F,G,Em7,A7,F,Em,Em,Em7,Em6,C7,G,Em,Em,Em7,Em6,C7,G,Am,F,G,Em7,A7,F,G,Em,Em,Em7,Em6,C7,G,Em,Em,Em7,Em6,C7,G,Am,F,G,Em7,A7,F,G,Em,Em,Em7,Em6,C7,G,Em,Em,Em7,Em6,C7,G,Am,F,G,Em7,A7,F,G,Em,Em,Em7,Em6,C7,G,Em,Em,Em7,Em6,C7,G,Am,F,G,Em7,A7,F,G,Am,F,G,Em7,A7,F,Em,Fm7,Fm7,Fm7,Fm7,Fm7,Fm7,Fm7"
Continuing Story Of Bungalow Bill,"C,G7,C,Fm,C,Fm,G7,A,E7,A,Dm,A,Dm,E7,Am,C6,F,G,Am,C6,F,G,E,G,Am,Fm,C,G7,C,Fm,C,Fm,G7,A,E7,A,Dm,A,Dm,E7,Am,C6,F,G,Am,C6,F,G,E,G,Am,Fm,C,G7,C,Fm,C,Fm,G7,A,E7,A,Dm,A,Dm,E7,Am,C6,F,G,Am,C6,F,G,E,G,Am,F,C,G7,C,Fm,C,Fm,G7,A,E7,A,Dm,A,Dm,E7,C,G7,C,Fm,C,Fm,G7,A,E7,A,Dm,A,Dm,E7"
Come Together,"Dm,Dm,A7,G7,Dm,Dm,A7,G7,Bm,A,G,A,Dm,Dm,A7,G7,Bm,A,G,A,Dm,Dm,A7,G7,Bm,A,G,A"
Come And Get It,"E,E,A6,B,E,A6,B,C,Em7,F,E,B,B5,E,A6,A,E,B,E,A6,B,E,A6,B,C,Em7,F,E,B,E,A6,B,E,A6,B,C,Em7,F,E,B,E,A6,B,E,A6,B,E,A6,B,C,E,E,B,G,D,A,E"
Clarabella,"G,C7,G,D7,C7,G"
Christmas Time Is Here Again,"D,D7,G,D,A7,D,A7"
Child Of Nature,"G,Em,D,D,Dsus4,D7,Em,Em7,Em6,D,D,Dsus4,Em,Em7,C,G,Dm,C,G,D,G,Dm,Bb,G,Dm,Em,Em7,C,G,G,Em,D,D,Dsus4,D7,Em,Em7,Em6,D,D,Dsus4,Em,Em7,C,G,Dm,C,G,D,G,Dm,Bb,G,Dm,Em,Em7,C,G,G,Em,D,D,Dsus4,D7,Em,Em7,Em6,D,D,Dsus4,Em,Em7,C,G,Dm,C,G,D,G,Dm,Bb,G,Dm,Em,Em7,C,G"
Chains,"A,A,D9,A,E9,D9,A,E,A,D9,A,E9,D9,A,A7,D9,A,A7,D9,E,A,D9,A,E9,D9,A,A7,D9,A,A7,D9,E,A,D9,A,E9,D9,A,E7,A,D,Dm,A"
Cayenne,"Em,Em7,Am,Em,B7,B7-9,Am,Em,Em,Em7,Am,Em,B7,Am,Em,Em,Em7,Am,Em,B7,Am,Em"
Catswalk,"G,Eb,Bb,D,G,C,D,G,G,Eb,Bb,D,G,C,D,G,C,Fm,Fm,G,C,Fm,Bb,Fm,Fm,G,Eb,G,Eb,A,A,D,D,G,Eb,Bb,D,G,C,D,G,G,Eb,Bb,D,G,C,D,G,G,Eb,Bb,D,G,C,D,G,C,Fm,Bb,G,C,Fm,Fm,Fm,Fm,G,Eb,G,Eb,A,A,D,D,G,Eb,Bb,D,G,C,D,G,G,Eb,Bb,D,G,C,D,G,G,Eb,Bb,D,G,C,D,G,D,D"
Carry That Weight,"C,G,C,G,C,C/B,Am7,Dsus2,Dm,G,Csus4,C,Fmaj7,Dm,E7,Am,Dsus2,Dm,G,Csus4,C,Fmaj7,Dm,E7,Am,G,C,G,C,G,C,G,C,G/B,A,C,G/B,A"
Carol,"A,D,A,D,A,E,D,A,A,D,A,E,A,A,D,A,D,A,E,D,A,A,D,A,D,A,E,D,A,E,A,D,A,E,A,A,D,A,D,A,E,D,A,E,D,A"
Cant Buy Me Love,"G13,Em,Am,Em,Am,Dm,G7,C,F7,C,G,F,F7,C,C,F7,C,G,F,F7,C,Em,Am,C,Em,Am,Dm,G13,C,F7,C,G,F,F7,C,C,F7,C,G7,F7,C,Em,Am,C,Em,Am,Dm,G13,C,F7,C,G,F,F7,C,Em,Am,Em,Am,Dm,G7,C,C(7)"
Boys,"A,D,A,E,D,A,E7,A,D,A,E,D,A,E7,A,D,A,E7,D,A,E7"
Bobby Darin Medley,"E,B7,E,A,E,B7,E,E,B7,E,A,E,B7,E,A,A,A,B7,E,A,A,B7,E,A,C#m/G#,F#m7,A/E,D,G,A,A,C#m/G#,F#m7,A/E,D,G,A,G,Bm,Em,Em7,C,C/B,Asus2,G,Bm,Em,Em7,C,F,Em,Em7,C,F,Em,C,Em,C,Em,Em7,Em6,C,Em,Em7,Em6,C,Em,G,Am,G/B,G,C,C#dim,D,D#dim,Em,Eb,D,Dbdim,C,Cm,G/B,A7,D7,G,E,B7,E,A,E,B7,E,E,E,E,E,E,E,D,A,E"
Blue Moon,"F,Dm,Gm,C,F,Dm,Gm,C,F,Dm,Gm,Gm,C,F,Dm,Gm,C,F,Dm,Gm,C,F,Dm,Gm,C,F,Bb,F,Gm,C,F,Dm,Gm,C,F,E,Am,D,C,F,Dm,Gm,C,F,Dm,Gm"
Blue Jay Way,"C,C,C,C"
Blackbird,"G,Am7,G/B,G,G,Am7,G/B,G,C,C#dim,D,D#dim,Em,Em/Eb,D,C#dim,C,Cm,G/B,A7,D7,G,C,G/B,A7,D7sus4,G,G,Am7,G/B,G,C,C#dim,D,D#dim,Em,Em/Eb,D,C#dim,C,Cm,G/B,A7,D7,G,F,C/E,Dm,C,Bb6,C,F,C/E,Dm,C,Bb6,A7,D7sus4,G,G,Am7,G/B,G,C,C#dim,D,D#dim,Em,Em/Eb,D,C#dim,C,Cm,G/B,A7,D7sus4,G,F,C/E,Dm,C,Bb6,C,F,C/E,Dm,C,Bb6,A7,D7sus4,G,G,Am7,G/B,G,G,G,G,Am7,G/B,C,G/B,A7,D7sus4,G,Am7,G/B,G,C,C#dim,D,D#dim,Em,Em/Eb,D,C#dim,C,Cm,G/B,A7,D7,G,C,G/B,A7,D7sus4,G,C,G/B,A7,D7sus4,G"
Birthday,"A,A,D,A,E,A,E,E,E,C,G,C,G,C,G,C,G,E,A,A,D,A,E,A"
Besame Mucho,"Am,Dm,Dm,Am,A,Dm,Dm,E,Am,Am,Dm,Dm,Am,A,Dm,Am,E,Am,Dm,Am,E,Am,Dm,Am,B,E,Am,Dm,Dm,Am,A,Dm,Am,E,Am,Dm,Am,E,Am,Dm,Am,B,E"
Being For The Benefit Of Mr Kite,"Bb,A7,Dm,G,Cm,Cm,B,Gm,Dm,G,Cm,Cm,B,Gm,Dm,A7,Dm,Dm/C,Bb,A7,Dm,Bb,A7,Dm,Gm,A7,Dm,G,Cm,Cm,B,Gm,Dm,G,Cm,Cm,B,Gm,Dm,A7,Dm,Dm/C,Bb,A7,Dm,Bb,A7,Dm,F,C,A,Dm,F,C,B,Em,G,Cm,Cm,B,Gm,Dm,G,Cm,Cm,B,Gm,Dm,A7,Dm,Dm/C,Bb,A7,Dm,Bb,A7,Dm,Dm,A7,C,Em,A7,Dm,A7,C,Em,B,Em,Em/G,C,B7,Em,C,B,Em,Em/G,C,B,Em,Em/G,C,B,Em"
Because I Know You Love Me So,"A,D,E7,C,A,D,E7,C,A,D,E7,A,A,D,E7,C,A,D,E7,C,A,D,E7,A"
Because,"C#m,C#m,D#m7b5,G#7/D#,A,C#m,A7,A13,D,Ddim,C#m,C#m,D#m7b5,G#7/D#,A,C#m,A9,A13,D,Ddim,C#m,C#m,D#m7b5,G#7/D#,A,C#m,A9,A13,D,Ddim,F#/C#,F#,G#7,G#7,C#m,C#m,D#m7b5,G#7/D#,A,C#m,A9,A13,D,Ddim,C#m,C#m,D#m7b5,G#7/D#,A,C#m,A9,A13,D,Ddim,C#m,D#m7b5,G#7/D#,A,A7,A13,D,Ddim,A9,F#"
Beautiful Dreamer,"G,C,D,G,G,C,D,G,D,G,A,D,G,C,D,G,G,C,D,G,D,G,A,D,G,C,D,G,G,C,D,G,G#,C#,D#,G#"
Ballad Of John And Yoko,"E,E7,A,E,E7,A,E,B7,E,E,E7,A,E,B7,E,E,E7,A,E,B7,E,A,B,E,E7,A,E,B7,E,E,E7,A,E,B7,E"
Bad To Me,"D,F#m,Bm,D,F#m,A7,D,F#m,Bm,D,F#m,Bm,G,A7,D,G,A7,F#m,B7,Em,A7,D,Dm,Em,A7,D,F#m,Bm,D,F#m,Bm,G,A7,D,A7,Am,B7,G,A7,D,F#m,Bm,A7,D"
Bad Boy,"C7,C7,C7,C7,C7,F7,C7,G7,F7,C7,G7,C7,F7,C7,G7,F7,C7,G7,C7,F7,C7,G7,F7,C7,G7,C7,F7,C7,G7,F7,C7,C7"
Back Of Boogaloo,"F,Bb,F,F,Bb,F,Bb,Ab,C,F,Bb,F,F,Bb,F,Ab,Bb,C,F"
Back In The Ussr,"E,E7,A,D,C,D,A,D,C,D,A,C,D,A,D,Eb,E,A,D,C,D,A,D,C,D,A,C,D,Gadd9,A,D,A,D,D/C#,D/C,D/B,E,D,A,D,Eb,E,A,D,C,D,A,D,C,D,A,C,D,A,D,A,D,D/C#,D/C,D/B,E,D,A,D,Eb,E,A,D,C,D,A,D,C,D,A,C,D,A,D,Eb,E,A"
Babys In Black,
Baby Youre A Rich Man,"G7,C/G,G,C/G,G7,F,G7,C,G7,F,G7,C,G,C,G,C,Bbdim,G7/B,C,G7,C,G,C,G,C,Bbdim,G7/B"
Baby Its You,"G,Em,G,Em,G,Em,C,G,Em,C,G,Em,Am,G,Em,C,D,G,Em,G,Em,G,Em,C,G,C,C,G,Em,Am,G,Em,C,D,G,Em,G,Em,Em,C,D,G,Em,D,G,G,Em,Am,G,Em,C,D,G,Em,G,Em,G,Em,G,Em"
Ask Me Why,"E,G#m,F#m,C,Am,E+5,A,B,A,E,G#m,F#m,E,G#m,F#m,E,G#,C,Am,F#,B,G#m,F#m,E,G#m,F#m,E,G#,C#m,Am,E,E+5,A,B,E,E+5,A,B,E,B,G#m,E,G#m,F#m,E,G#m,F#m,E,G#,C,Am,F#,B,G#m,G#m,E+5,A,B,E,E+5,A,B,E,G#m,G#m"
For You Blue,"D,G,D,G,D,A,G,D,A,D,G,D,G,D,A,G,D,A,D,G,D,G,D,A,D,A,D,G,D,G,D,A,G,D,A,D,G,D,G,D,A,A,D,A,D"
For No One,"C,A,B,B,C,C/B,Am,C/G,F,Bb,C,C,C/B,Am,C/G,F,Bb,C,Dm,A7,Dm,A7,Dm,A7,Dm,A7,Dm,Gsus4,G,C,C/B,Am,C/G,F,Bb,C,C,C/B,Am,C/G,F,Bb,C,Dm,A7,Dm,A7,Dm,A7,Dm,A7,Dm,Gsus4,G,C,C/B,Am,C/G,F,Bb,C,C,C/B,Am,C/G,F,Bb,C,Dm,A7,Dm,A7,Dm,A7,Dm,A7,Dm,Gsus4,G"
Flying,"C,Csus,C,F,C,Csus,C,G,F,C,G"
Fixing A Hole,"F,C+,Fm7,Bbadd9,F,C+,Fm7,Fm6,Fm7,Bbadd9,Fm7,Bbadd9,Fm7,Bbadd9,F,C+,Fm7,Fm6,Fm7,Bbadd9,Fm7,Bbadd9,Fm7,Bbadd9,F,C,F,C,F,C,F,C,G,C,G,C,G,C,F,C+,Fm7,Fm6,Fm7,Bbadd9,Fm7,Bbadd9,Fm7,Bbadd9,F,C+,Fm7,Fm6,Fm7,Bbadd9,Fm7,Bbadd9,Fm7,Bbadd9,F,C,F,C,F,C,F,C,G,C,G,C,G,C,F,C+,Fm7,Fm6,Fm7,Bbadd9,Fm7,Bbadd9,Fm7,Bbadd9,F,C+,Fm7,Fm6,Fm7,Bbadd9,Fm7,Bbadd9,Fm7,Bbadd9,Fm7,Bbadd9,Fm7,Bbadd9,Fm7,Bbadd9,Fm7,Bbadd9"
Fancy My Chances,"G,C,C,G,G,C,D,G,G,C,C,G,G,C,D,G,C,C,G,G,C,D"
Everybodys Trying To Be My Baby,"E,E6,A,B7,E,E,E6,E,A,E,B7,A,E,E,A,E,B7,A,E,E,A,E,B7,A,E,E,A,E,B7,A,E,E,A,E,B7,A,E"
Everybodys Got Something To Hide Except Me And My Monkey,"A,B7,D,E,G,E,E,A,D,B7,E,D,G,E,G,D,E,A,D,B7,E,D,G,E,G,D,E,A,D,B7,E,D,G,E,G,D,E,D"
Every Little Thing,"A,D,E,A,G,D,Bm,E,A,D,E,A,G,D,Bm,E,A,G,G,A,A,G,G,A,A,D,E,A,G,D,Bm,E,A,D,E,A,G,D,Bm,E,A,G,G,A,A,G,G,A,A,G,G,A,A,G,G,A,A,E,A,A,E,A,A,E,A"
Eleanor Rigby,"Em,Em,Emadd9,Em,Em7,C,Em,Em,Em,Esus4,Em,Am,Em,Em,C,Em,C,Em,Em,C,Em,Em,Em/D,C,Em,Em7,Em6,Cmaj7/E,Em,Em7,Em6,Cmaj7/E,Em,Em,C,Em,Em,Em,Emadd9,Em,Em7,C,Em,Em7,Em6,Cmaj7/E,Em,Em7,Em6,Cmaj7/E,Em,C,Em,C,Em,Em,Em,Esus4,Em,Am,Em,Em,C6,Em,Em7,Em6,Cmaj7/E,Em,Em7,Em6,Cmaj7/E,Em,Em"
Eight Days A Week,"C,C,D7,F,C,C,D7,F,C,Am,F,Am,D7,C,D7,F,C,C,D7,F,C,C,D7,F,C,Am,F,Am,D7,C,D7,F,C,G,Am,D7,F,G7,C,D7,F,C,C,D7,F,C,Am,F,Am,D7,C,D7,F,C,G,Am,D7,F,G7,C,D7,F,C,C,D7,F,C,Am,F,Am,D7,C,D7,F,C,F,C,F,C,C,D7,Dm7,C,D,E,G,D,D,E,G,D,D,E,G,D,Bm,G,Bm,E,D,E,G,D,D,E,G,D,D,E,G,D,Bm,G,Bm,E,D,E,G,D,A,Bm,E,G,A,G,D,G,D,G,D,D-,E-,G-,A-"
Drive My Car,"D7,G7,A7#5,A,Bm,E,D,G,D7,D7,G7,D7,G7,D7,G7,A7#5,Bm,G7,Bm,G7,Bm,E,A,D,G,A,D7,G7,D7,G7,D7,G7,A7#5,Bm,G7,Bm,G7,Bm,E,A,D,G,A,A,D7,G7,D7,G7,D7,G7,A7#5,Bm,G7,Bm,G7,Bm,E,A,D,G,A,D7,G7,D7,G7,D7,G7,A7#5,Bm,G7,Bm,G7,Bm,E,A,D,G,A,A,D,G,A,D,G,A,D,G,A,D,G"
Dream Baby How Long Must I Dream,"C7,Bb,F,C7,C7,F,C7,F,C7,C7,F,C7,F,C7,C7,F,C7,F,C7,C7,F,C7,F,C7,C7,F,C7,F"
Dr Robert,"F,F7,F,D7,Am,D7,Am,D7,C,D7,G,G,C,G,G,C,F"
Dont Pass Me By,"C,F,G,F,C,C,F,G,F,C,F,C,G,G+,F,C,F,G,F,C,F,C,G,F,C"
Dont Let Me Down,"E,F#m,F#m7,Amaj7/B,E,F#m,F#m7,Amaj7/B,Esus4,E,E,F#m7,F#m/B,E,Esus4,E,F#m,F#m/B,E,Esus4,E,F#m,F#m7,Amaj7/B,E,F#m,F#m7,Amaj7/B,Esus4,E,E,B,B7,E,E,F#m,F#m7,Amaj7/B,E,F#m,F#m7,Amaj7/B,Esus4,E"
Dont Ever Change,"E,E,C#m,E,E,C#m,A,H,C#m,E,E,A,H,E,C#m,A,H,C#m,E,E,A,H,E,E7,A,A,A6,A,A,A,H,E,G#m,F#m,E,C#m,A,H"
Dont Bother Me,"Em,C,Bm,Am,G,D,Em,Bm,Am,G,Em,Bm,Am,G,C,Em,A,Em,Bm,Am,G,Em,Bm,Am,G,C,Em,A,Em,D,Em,D,Em,Bm,Am,C,Em,Bm,Am,G,Em,Bm,Am,G,C,Em,A,Em,Bm,Am,G,Em,Bm,Am,G,C,Em,A,Em,D,Em,D,Em,Bm,Am,C,Em,Bm,Am,G,Em,Bm,Am,G,C,Em,A,Em,A,Em"
Doctor Robert,"A7,Asus4,A7,Asus4,A7,Asus4,A7,Asus4,A7,Asus4,A7,Asus4,A7,Asus4,A7,Asus4,A7,Asus4,A7,Asus4,F#7,F#7sus4,F#7,F#7sus4,F#7,F#7sus4,F#7,F#7sus4,F#7,F#7sus4,F#7,F#7sus4,E,F#7,B,B,E/B,B,B,E/B,A7,Asus4,A7,Asus4,F#7,F#7sus4,E,B,E/B"
Do You Want To Know A Secret,"Em,Am,Em,G,F,B6,E,G#m,Gm,F#m,B7,E,G#m,Gm,F#m,B7,E,G#m,Gm,F#m,B6,F,E,G#m,Gm,F#m,B7,E,G#m,Gm,F#m,B7,A,B7,C#m,F#m,B6,E,G#m,Gm,F#m,B7,E,G#m,Gm,F#m,B7,E,G#m,Gm,F#m,B6,F,E,G#m,Gm,F#m,B7,E,G#m,Gm,F#m,B7,A,B7,C#m,F#m,B6,A,F#m,C#m,Bm,A,F#m,C#m,Bm,F#m,B6,E,G#m,Gm,F#m,B7,E,G#m,Gm,F#m,B7,E,G#m,Gm,F#m,B6,F,E,G#m,Gm,F#m,B7,E,G#m,Gm,F#m,B7,A,B7,C#m,F#m,B6,C#m,F#m,B6,C#m,F#m,B6,C#m,F#m,B6,C#m"
Dizzy Miss Lizzy,"A,D,A,E7,D,A,E7,A,D,A,E7,D,A,E7,A,D,A,E7,D,A,E7,A,D,A,E7,D,A,E7,A,D,A,E7,D,A,E7,A,D,A,E7,D,A,E7,A,D,A,E7,D,A,E7,A,D,A,E7,D,A,A6"
Dig It,"B,B"
Dig A Pony,"G,D,A,G,D,A,A,F#m,Bm,G7,G,Bm,G7,E,A,F#m,Bm,G7,G,Bm,G7,E,G,D,A,G,D,A,A,F#m,Bm,G7,G,Bm,G7,E,A,F#m,Bm,G7,G,Bm,G7,E,G,D,A,G,D,A,A,F#m,Bm,G7,Bm,G,E7,A,F#m,Bm,G7,G,Bm,G7,E,A,F#m,Bm,G7,G,Bm,G7,E,G,D,A,G,D,A,G,D,A,G,D,A,A"
Devil In Her Heart,"Am7,D7,G,G,Am7,D7,G,Am7,D7,G,G,G,G,D7,D7,G7,G7,C,Cm,G,G,G,G,D7,D7,G7,G7,C,Cm,A7,D7,D7,Am7,D7,G,Am7,D7,G,G,G,G,D7,D7,G7,G7,C,Cm,G,G,D7,D7,G7,G7,C,Cm,A7,D7,D7,Am7,D7,G,Am7,D7,G,G,G,G,D7,D7,G7,G7,C,Cm,G,G,G,G,D7,D7,G7,G7,C,Cm,A7,D7,D7,Am7,D7,G,Am7,D7,G,G,Am7,D7,G,Am7,D7,G,G,G9"
Here Comes The Sun,"D,Gmaj7,E7,D,G6,Dadd9,G6,Dadd9,A7,D,G6,A7,D,Gmaj7,A7,A7sus,D,G6,A7,D,Gmaj7,A7,A7sus,D,G6,A7,D,Gmaj7,A7,A7sus,F,C,G,D,A7,F,C,G,D,A7,F,C,G,D,A7,F,C,G,D,A7,A7,A7sus,A7,A7,D,G6,A7,D,Gmaj7,A7,A7sus,D,Gmaj7,E7,D,G6,Dadd9,G6,Dadd9,A7,G6,Gmaj7,Gmaj7,Dadd9,A7sus,A7"
Her Majesty,"G,Em,C,D,G,G,Em,C,D,Em,G,D,Em,G,Em,C,D,G,Em,C,D,G"
Helter Skelter,"E7,E7/G,G,A,G,A,E7,E7,E7/G,E7,E7/G,A,E"
Helter Skelter,"E7,E6,Eaug,E7,G,E,A,E7,E6,Eaug,G,E,E,G,A,E,A,E,A,E,E,G,A,E,A,E,A,E,E,A,E,A,E,E7,E6,Eaug,G,E,E,G,A,E,A,E,A,E,E7"
Help,"A6,Bm,Bm/A,G,G/F#,E,A,A,C#m,F#m,D,G,A,C#m,F#m,D,G,A,Bm,Bm/A,G,G/F#,E,A,C#m,F#m,D,G,A,C#m,F#m,D,G,A,Bm,Bm/A,G,G/F#,E,A,A,C#m,F#m,D,G,A,C#m,F#m,D,G,A,Bm,Bm/A,G,G/F#,E,A,F#m,A,A6"
Hello Little Girl,"E7,A,F#7,Bm7,D,E,C#m,Bb,A6,E7,A,F#7,Bm7,E7,A,F#7,Bm7,E7,A,F#7,Bm7,E7,A,E,D,E7,D,E,A,A,E,D,E7,D,E,A,A,E,D,E7,D,E,A,A,E,D,E7,D,E,A,A,F#7,Bm7,E7,A,F#7,Bm7,E7,A,F#7,Bm7,E7,A,F#7,Bm7,E7,A,E,D,E7,D,E,A,A,E,D,E,D,E,E,A,F#7,Bm7,E7,A,F#7,Bm7,E7,A,F#7,Bm7,E7,A,F#7,Bm7,E7,A,E,D,E7,D,E,A,F#7,Bm7,E,A,F#7,Bm7,E,A,F#7,Bm7,E,A,C#m,Bb,A,A6"
Hello Goodbye,"F6,C,G7,Am,G7,G7,C/G,G7,F/G,C,C/B,Am7,Am7/G,F,Ab,C,C/B,Am7,Am7/G,F,Bb,C,F6,C,G7,Am,G7,Am,G7,G,C/G,G7,F/G,C,C/B,Am7,Am7/G,F,Ab,C,C/B,Am7,Am7/G,F,Bb,C,C/B,Am7,Am7/G,F,Ab,Cm/G,F#dim7,F7,C,C"
Happy Rishikesh Song,
Happy Just To Dance With You,"Bsus4,C#m,F#m,G#m,C#m,F#m,G#m,F#m,G#m,E,E,Bsus4,B,E,Bsus4,B,A,E,A,B,E,C#m,F#m,G#m,C#m,F#m,G#m,C#m,F#m,G#m,F#m,G#m,E,A,B,E,F#m,G#m,A,B,E,F#m,G#m,F#m,G#m,E"
Happiness Is A Warm Gun,"Am7,Am6,Emadd9,Em,Am7,Am6,Emadd9,Em,Dm,Am,Dm,Am,Dm,Am,Dm,Am,A7,C,Am,A7,C,A7,C,A7,G7,C,Am,F,G7,C,Am,F,G7,Cmaj7,Am7,F,G7,C,Am7,F,G7,C,Am7,F,G7"
Hallelujah I Love Her So,"Bb,G7,D#,F,Bb,G7,D#,F,Bb,Bb7,D#7,C7,Bb,G7,C#7,C7,D#,F,Bb,Bb,C7,Bb,G7,Bb,C7,F7,Bb,G7,D#,F,Bb,G7,D#,F,Bb,Bb7,D#7,C7,Bb,G7,C,C7,F7,Bb,G7,C7,F7,Bb,G7,C7,F7,Bb"
Got To Get You Into My Life,"G,F,G,F,Bm,Bb,D/A,G#m7,Bm,Bb,D/A,G#m7,C,C/B,Am7,D,G,G,C,Bm,Bb,D/A,G#m7,Bm,Bb,D/A,G#m7,C,C/B,Am7,D,G,G,C,Am7,Bb,Bm,C,C/B,D,D/A,F,G,G#m7"
Good Night,"Gmaj7,Cmaj7,Gmaj7,Cmaj7,G,Bm7,Am7,Am11,D7sus,D7,G,Bm7,Am,Am,Bm7,Am7,C/G,D,G,Bm7,Am7,C/G,Bm7,Am7,Am7,D,Gmaj7,Cmaj7,Gmaj7,Cmaj7,G,C,G,C,G,Bm7,Am7,Am7,Bm7,Am7,C6,D,G,Bm7,Am7,C/G,Bsus4,Am,C/G,D,B5,Cmaj7,B5,Cmaj7,G,C,G,C,G,C,A,Dm,G,C,D,C,G,Bm7,Am7,Am7,Bm,Am,Am7,Dsus4,D,G,Bm7,Am7,C/G,Bm,Am,C/G,D,Gmaj7,Cmaj7,Gmaj7,C,C6,G,C/G,G,Am7,G,Bm7,Am7,Am11,D7sus4,G,C,C,D,G"
Good Morning Good Morning,"A,D,A,D,A,D,A,E,A,Em,G,A,A,Em,G,A,D,E,E7,A,Em,G,A,D,A,A,Em,G,A,Em,G,A,D,A,D,A,D,A,D,A,D,A,A,Em,G,A,A,Em,G,A,D,E,A,Em,G,A,D,A,D,A,D,A,D,A,D,A,A,Em,G,A,A,Em,G,A,D,E,A,Em,G,A,D,A,D,A,D,A,D"
Good Morning,"A,D,A,D,A,D,A,A,A7,G,A,A,A7,G,A,D,E,A,A7,G,A,D,A,A,A7,G,A,A,A7,G,A,D,A,D,A,D,A,D,A,D,A,A,A7,G,A,A,A7,G,A,D,E,A,A7,G,A,D,A,A,A7,G,A,A,A7,G,A,D,A,D,A,D,A,D,A,D,A,A,A7,G,A,A,A7,G,A,D,E,A,A7,G,A,D,A,D,A,D,A,D"
Good Day Sunshine,"E,B,F#,B,F#,E,E7,A,F#7,B7,E,A,F#7,B7,E,A,B,F#,B,F#,E,E7,A,F#7,B7,E,A,D,B7,E7,A7,D,B,F#,B,F#,E,E7,A,F#7,B7,E,A,F#7,B7,E,A,B,F#,B,F#,E,E7,B,F#,B,F#,E,E7,F7"
Golden Slumbers Carry That Weight The End,"Am7,G/B,B7,Dm7,Asus2,Am7/D,A7,Cm7,Fadd9,Fmaj7,G/A,Cmaj7,Am7,Am7,Dm,G7,C,E7,Am,Asus2,Dmadd9,G7,C,C,Fadd9,C,Fadd9,C,E7,Am,Asus2,Dmadd9,G7,C,Am7,Dm,G7,C,E7,Am,Asus2,Dmadd9,G7,C,C,G,C,C,G,C,G/B,Am7,Am7/D,Dm7,G7,Csus4,C,Cmaj7,Fmaj7,Bm,E7,Am,Am7,Am7/D,Dm7,G7,Csus4,C,Cmaj7,Fmaj7,Bm,E7,Am7,G,C,C,G,C,C,G,C,G/B,A,C,G/B,A,C,G/B,A,A,D,B,E,A,A,B7,B7,A,A,D,B,E,A,B7,A,A7,D7,A7,D7,A7,D7,A7,D7,A7,D7,A7,D7,A7,D7,A7,D7,A7,D7,A7,D7,A7,D7,A7,D7,A7,D7,A7,D7,A,A,G/A,F,Dm7,G7,C,D,Cm7,F,C"
Golden Slumbers,"Am7,Dm7,G7,C,E,Am,Dm9,G7,C,C,F,C,C,F,C,E,Am,Dm9,G7,C,Am7,Dm7,G7,C,E,Am,Dm9,G7,C"
Gold Slumbers,"Am7,Dm7,G7,C,E7,Am,Dm9,G7,C,C,FM7,C,FM7,C,E7,Am,Dm9,G7,C,C,G,C,C,G,C,Am7,Dm7,G7,C,FM7,Bm7,E7,Am,Dm7,G7,C,F,Bm7,E7,Am,Gsus,C/G,G,C,G7,C,G7,C,G,C,G,A,A,D,B7,E,A,A,D,B,E,A,B7/D#,A,A7,D7,A7,D7,A7,D7,A7,D7,A7,D7,A7,D7,A7,D7,A7,D7,A7,D7,A7,D7,A7,D7,A7,D7,A7,A,A,A,A,A,A,A,A,A,A,G/A,D/A,G/A,F,Em,Dm,Am/E,Dm,G7,C,C,D,C,Cm7,F/C,C"
Glass Onion,"Am,F7,Am,F7,Am,Gm7,C7,Gm7,C7,F7,D7,F7,D7,F7,G7,Am,F7,Am,F7,Am,Gm7,C7,Gm7,C7,F7,D7,F7,D7,F7,G7,Am,F,Am,Am7,F7,G7,Adim7,Abdim7,Gdim7,F#dim7,Gdim7,G#dim7,Adim7,Adim7,Abdim7,Gdim7,F#dim7,Gm7,F7"
Glad All Over,"A,E,E,A,B,A,B,E,E,A,B,A,B,E,A,E,A,B,E,A,B,A,B,E,A,E,B,A,E,A,E,A,B,A,E,B,A,B,E,A,B,E,A,B,E"
Girl,"E,A,D,G,B,E,Em,B7,Em,Em7,Am,C6,G,B7,Em,B7,Em,Em7,Am,C6,Em,G,Bm,Am,D7,G,Bm,Am,D7,Em,B7,Em,Em7,Am,C6,G,B7,Em,B7,Em,Em7,Am,C6,Em,G,Bm,Am,D7,G,Bm,Am,D7,Am,E,Am,E,Am,E,Am,C,G,Bm,Am,D7,G,Bm,Am,D7,Em,B7,Em,Em7,Am,G,B7,Em,B7,Em,Em7,Am,Em,G,Bm,Am,D7,G,Bm,Am,D7,Em,B7,Em7,Am,G,B7,Em,B7,Em7,Am,Em,G,Bm,Am,D7"
Getting Better,"C,C/G,Em,Fadd9,G,Fadd9,Fadd9,C,Fadd9,G,C/G,G,C/G,G,C/G,G,C/G,G,C/G,G,C/G,C,Fadd9,Em,Fadd9,C,Fadd9,Em,Fadd9,G,C/G,G,C/G,G,C/G,G,C/G,G,C/G,G,C/G,G,C/G,G,C/G,G,C/G,C,Fadd9,Em,Fadd9,C,Fadd9,Em,Fadd9,Fadd9,C,Fadd9,C,Fadd9,C,Fadd9,C,C,Fadd9,Em,Fadd9,C,Fadd9,Em,Fadd9,G,G,G,G,C/G,G,C/G,G,C/G,G,C/G,G,C/G,C,Fadd9,Em,Fadd9,C,Fadd9,Em,Fadd9,Fadd9,C,Fadd9,C,Fadd9,C,Fadd9,C,C,Fadd9,Em,Fadd9,C,Fadd9,Em,Fadd9,Fadd9,C,Fadd9,C,Fadd9,C,C,C"
Get Back,"A,A7,D,G,A,A7,D,A,A7,D,A,A7,D,A"
I Will,"Db7,F/C,Dm7,Gm7,F,Dm7,Gm7,C7,F,Dm,Am,F7,Bb,C7,Dm,F,Bb,C7,F,Dm7,Gm7,C7,F,Dm7,Gm7,C7,F,Dm,Am,F7,Bb,C7,Dm,F/A,Bb,C7,F,F7,Bb,Am,Dm7,Gm,C7,F,F7,Bb,Am,Dm7,G7,C7,F,Dm7,Gm7,C7,F,Dm,Am,F7,Bb,C7,Dm,Bbm,F,Bb,C7,Dm,Bbm,F,Bb,C7,Dm,F,Bb,C7,Db7,F,F7,Bb,F/C,C7,Dm7,Gm7,C7,F"
I Want You Shes So Heavy,"E7b9,E7/G#,Dm,Dm/F,E7b9,C5,B5,Bb7,Aaug,Am7,Am7,Am7,Am7,C,D,F,G,E7/G#,Am7,Dm7,Dm7,Dm7,Dm7,F,C,Bb,G5,G#5,A,E7b9,E7b9,E7b9,Am7,Am7,Am7,Am7,D,F,G,E7/G#,Am7,Dm7,Dm7,Dm7,Dm7,F,C,Bb,G5,G#5,Am,E7b9,E7b9,E7b9,Dm,Dm/F,E7b9,C5,B5,Bb7,Aaug,Dm,Dm/F,E7b9,C5,B5,Bb7,Aaug,Am7,Am7,Am7,Am7,C,D,F,G,E7/G#,Am7,Dm7,Dm7,Dm7,Dm7,F,C,Bb,G5,G#5,Am,E7b9,E7b9,E7b9,Dm,Dm/F,E7b9,C5,B5,Bb7,Aaug,Dm,Dm/F,E7b9,C5,B5,Bb7,Aaug,Am7,Am7,Am7,Am7,C,D,F,G,E7/G#,Am7,Dm7,Dm7,Dm7,Dm7,F,C,Bb,G5,G#5,A,E7b9,E7b9,Dm,Dm/F,E7b9,C5,B5,Bb7,Aaug,Dm,Dm/F,E7b9,C5,B5,Bb7,Aaug"
I Want To Tell You,"A,B,E7,A,A,B,E7,A,Bm,E7,A,B7,Bm,Dm6,A,A,B,E7,A,Bm,E7,A,B7,Bm,Dm6,A,A,B,E7,A"
I Want To Hold Your Hand,"C,D,C,D,C,D5,D6,D5,D6,D5,D6,D5,D6,G5,G6,G5,D5,D6,D5,E5,B7,G5,G6,G5,D5,D6,D5,E5,B7,C,D,G,Em,C,D,G,C,D,G,Em,C,D,G,Dm,G,C,Am,Dm,G,C,D,C,D,C,D,D5,D6,D5,D6,D5,C,D,G,Em,C,D,G,Dm,G,C,Am,Dm,G,C,D,C,D,C,D,D5,D6,D5,D6,D5,C,D,G,Em,C,D,B7,C,D,C,G,C,D,D5,D6,G5,G6,E5,B7,C,D,G,Em"
I Wanna Be Your Man,"E7,B7,E,E7,E7,B7,E,E7,F#7,B7,E,C#7,F#7,B7,E,D/E,E7,B7,E,E7,B7,E,E7,F#7,B7,E7,B7,E,C#7,F#7,B7,E,D/E"
I Should Have Known Better,"C,G7,C,G7,C,G7,C,G7,C,G7,C,G7,C,G7,C,G7,C,G7,Am,F,G7,C,G7,C,G7,C,G7,C,G7,C,G7,C,G7,C,G7,Am,F,E7,Am,F,C,E7,Am,F,C,F,G7,C,Am,F,G7,C,G7,C,G7,C,G7,C,G7,C,G7,C,G7,C,G7,Am,F,G7,C,G7,C,G7,C,G7,C,G7,C,G7,C,G7,C,G7,Am,F,G7,C,G7,C,G7,C,G7,C,G7,C,G7,C,G7,C,G7,Am,F,E7,Am,F,C,E7,Am,F,C,F,G7,C,Am,F,G7,C,G7,C,G7,C,G7,C,G7,C,G7,C"
I Saw Her Standing There,"A,D7,A,E7,A,A7,D,F,A,E7,A,A,D7,A,E7,A,A7,D,F,A,E7,A,D7,E,D,A,D7,A,E7,A,A7,D,F,A,E7,A,D7,E,D,A,D7,A,E7,A,A7,D,F,A,E7,A,A,E7,A,A,E7,A,E7,A7,E7,B7,E,E7,A7,C7,E7,B7,E7,E7,A7,E7,B7,E,E7,A7,C7,E7,B7,E7,A7,B7,A7,E7,A7,E7,B7,E,E7,A7,C7,E6,B7,E7,E7,B7,E7,E7,E7,B7,E7"
I Remember You,"G,F#,G,G7,C,Cm,G,Am,D,G,F#,G,G7,C,Cm,G,G7,C,B7,E,B7,E,Em,A,D,D7,G,F#,G,G7,C,Cm,G,G,Am,D,G,G7,C,B7,E,B7,E,Em,A,D,D7,G,F#,G,G7,C,Cm,G,G,C,D,Bb,D#,F,Fm,G"
I Need You,"A,Aadd9,Asus,A,A,D,A,Aadd9,Asus,A,A,D,A,A7,Asus,A,F#m,C#m,F#m,Bm,A,Aadd9,Asus,A,A,D,A,Aadd9,Asus,A,A,D,A,A7,Asus,A,F#m,C#m,F#m,Bm,A,Aadd9,Asus,A,A,D,E,A,A,D,E,B7,E,A,D,A,Aadd9,Asus,A,A,D,A,A7,Asus,A,F#m,C#m,F#m,Bm,A,Aadd9,Asus,A,F#m,Dmaj7,A,Aadd9,Asus,A"
I Me Mine,"Am,C,D7,G,E7,Am,D,G,E,Am,Am,D,G,E,Am,Dm,Em,Dm7,F,G,G#dim7,F/A,E,Am,Am/G#,C/G,Am/F#,Fmaj7,A7,A7,D7,A7,E7,Am,Am/G#,C/G,Am/F#,Fmaj7"
I Just Dont Understand,"Em,Am,Em,Em,Am,Em,Em,Am,Em,Em,Am,Em,Em,Am,Em"
I Got To Find My Baby,"G,D,D,G,G7,C,G,D,C,G,D,G,G7,C,G,D,C,G,D,G,G7,C,G,D,C,G,D,G,G7,C,G,D,C,G,F,F#,G,G"
I Got A Woman,"E,B7,E,A,E,A,D#m,B7,G,E,G,A,E,D#m,A,E,G,E,A,E,A,G#m,F#m,G,E,A,G,F#m,A,E,E,A,E,A,E,G#m,E,E,D#m,E,E,E,E,E,E,E,E,B7,E,A,E,A,D#m,B7,A,E,A,A,E,F#m,A,E,E,E,F#m,D#m,G#m,E,A,E"
I Forgot To Remember To Forget,"E,A,E,E,B7,E,A,E,B7,E,A,E,B7,E,E7,A,E,B7,E,E,B,B7,E,A,E,B,E,A,E,B7,E,E7,A,E,B7,E"
I Feel Fine,"D,C,G,G,D,C,G,G,D,C,G,G,Bm,C,D7,G,Bm,Am,D7,G,D7,C,G,D7,C,G,D7,C,G,G,C,D,G,Bm,C,D7,G,Bm,C,D7,G,C,D"
I Dont Want To Spoil The Party,"G,G7,G6,D7sus4,Dm7,D7sus2,D,Dsus2,D7,G,G,G,D,Em,B,Am,D7,G,F,G,G,G,D,Em,B,Am,D7,G,F,G,G,Em7,A7,C,D,G,Em7,A7,C,D,G,G,D,Em,B,Am,D7,G,F,G,G,D,Em,B,Am,D7,G,F,G,G,Em7,A7,C,D,G,Em7,A7,C,D,G,D,Em,B,Am,D7,G,F,G,G,G7,G6,D7sus4,Dm7,D7sus2,D,Dsus2,D7,G"
I Dont Want To See You Again,"G,Em,Am,F,G,Em,Am,G,Em,Am,F,G,Em,F,G,C,G,C,Em,Am,Bm,C,Am,F,G,Em,Am,F,G,Em,F,G,C,G,C,Em,Am,Bm,C,Am,F,G,Em,Am,F,G,Em,Am,G,Am,G,Am,G,Am,G"
I Call Your Name,"F#7,E7,B7,E7,C#7,F#7,B7,E7,C#7,F#7,A,Am,E7,A7,C#m,F#7,C7,B7"
I Am The Walrus,"Asus2,A/G,C,D,E,D/F#,FM7,G,F,E7,Dsus2,D7,B7,Bsus2,Asus2,A,Bsus2,B,Asus2,A/G,C,D,E,Asus2,A/G,C,D,Asus2,Asus2,A,A/G,D/F#,Fm7,G,Asus2,A/G,F,Bsus2,C,D,E,Asus2,A/G,C,D,E,A,Asus2,A/G,C,D,Asus2,Dsus2,Asus2,E,D,Asus2,A/G,D/F#,Fm7,A,G,Asus2,A/G,F,Bsus2,C,D,E,Bsus2,Asus2,G,F,E,Bsus2,Asus2,G,F,E,F,B7,C,D,E,D,Asus2,A/G,C,D,E,Asus2,A/G,C,D,Asus2,Asus2,A/G,D/F#,Fm7,G,Asus2,A/G,F,Bsus2,C,D,E,D,C,G,G,G,Bsus2,Asus2,G,F,E7"
I Am The Walrus,"B,A,G,F,E,E7,D,D7,A,A/G,C,D,E,A,A,G,C,D,A,A,A/G,D/F#,G,A,A,G,F,B,C,D,E,A,A/G,C,D,E,A,A,G,C,D,A,Dsus4,A,E,D,D7,E,B,A,G,F,E,B,A,G,F,E,F,B7,C"
How Do You Do It,"Am,D7,G,D7,G,Am,D7,G,Am,D7,G,Am,D7,G,D7,Am,G,G,Am,D7,G,Am,D7,G,Am,D7,G,D7,Am,G,Am,D7,G,Am,D7,G,Am,D7,G,Am,D7,G,Am,D7,G,Am,D7,G,Am,D7,G,D7,Am,G,G,Am,D7,D7,Am,G,Am,D7,G,Am,D7,G,Am,D7,G,Am,D7,G,Am,D7,G,Am,D7,G,Am,D7,G,D7,Am,G,G,Am,D7,G,D7,Am,G,G,Am,D7,G,D7,Am,G"
Honey Pie,"Em,A6,Am/D,Cm,G,Em,A6,Am/D,Cm,G,A7,D7,G,Eb7,E7,A7,D7,G,Eb7,D7,G,Eb7,E7,A7,D7,G,F#,F,Em,C#m7b5,G,G7,C,E7,Am,D7,G,Eb7,E7,A7,D7,G,Eb7,D7,G,G,Eb7,E7,A7,D7,G,Eb7,D7,G,Eb7,E7,A7,D7,G,F#,F,Em,C#m7b5,G,G7,C,E7,Am,D7,G,Eb7,E7,A7,D7,G,Eb7,D7,G"
Honey Dont,"E/B,E/A#,E/A,E,E,C,E,C,B7,E,A7,E,B7,A7,E,E,C,E,C,B7,E,A7,E,B7,A7,E,E,C,E,C,B7,E,A7,E,B7,A7,E,E,C,E,C,B7,E,A7,E,B7,A7,E,E,C,E,C,B7,E,A7,E,B7,A7,E"
Hold Me Tight,"F,C7,F,Bb7,G7,C7,F,Bb7,G7,C7,F,F7,Bb7,Bbm7,F,Bbm7,F,C7,F,Bb7,G7,C7,F,Bb7,G7,C7,F,F7,Bb7,Bbm7,F,Bbm7,F,Ab7,Ab7,F7,Ab7,F7,Bb7,Gm,G7,C7,F,Bb7,G7,C7,F,Bb7,G7,C7,F,F7,Bb7,Bbm7,F,Bbm7,F,Ab7,Ab7,F7,Ab7,F7,Bb7,Gm,G7,C7,F,Bb7,G7,C7,F,Bb7,G7,C7,F,F7,Bb7,Bbm7,F,Bbm7,F,Ab7,F,Ab7,F"
Hey Jude,"F,C,C,C6,C7,C7sus4,C7,F,Bb,F,C,F,F,C,C,C6,C7,C7sus4,C7,F,Bb,F,C,F,Fmaj7,F7,Bb,Bb/A,Gm,Gm7,C/E,C,F,Fmaj7,F7,Bb,Bb/A,Gm,Gm7,C/E,C,F,F6,F7,C,Csus4,C,C,F,C7,F,C,C,C6,C7,C7sus4,C7,F,Bb,F,C,F,Fmaj7,F7,Bb,Bb/A,Gm,Gm7,C/E,C,F,Fmaj7,F7,Bb,Bb/A,Gm,Gm7,C/E,C,F,F6,F7,C,Csus4,C,C,F,C7,F,C,F,C7,C7sus4,C7,F,Bb,F,C,F,F6,F7,Eb,Bb,F,F6,F7,Eb,Bb,F"
Its For You,"C#m,G#,C#m,G#,C#m,E/B,F#,F#m,A,E,Amaj9,D6,Gmaj7,F#m,C#m,E/B,F#,F#m,A,E,Amaj9,D6,Gmaj7,F#m,C#m,G#7,C#m,E,E,F#,Amaj7,C#m,G#7,F#m7,G#7,F#m7,C#m,E,E,F#,Amaj7,C#m,G#7,C#m,E/B,F#,F#m,A,E,Amaj9,D6,Gmaj7,F#m,C#m,G#,C#m,E/B,F#,F#m,A,E,Amaj9,D6,Gmaj7,F#m,C#m,G#7,C#m,E,E,F#,Amaj7,C#m,G#7,F#m7,G#7,F#m7,C#m,E,E,F#,Amaj7,C#m,G#7,C#m,E/B,F#,F#m,A,E,Amaj9,D6,Gmaj7,F#m,C#m,G#,C#m,G#,C#m,F#m7,C#m,F#m7,C#m,F#m7,C#7,B"
Its All Too Much,"C,G,Gadd9,G,C,G,Gadd9,G,C/G,G,Gadd9,G,C,G,Gadd9,G,G,C,G,Gadd9,G,G,C/G,G,Gadd9,G,C,G,G,Gadd9,G,G,C,G,Gadd9,G,G,C/G,G,Gadd9,G,C,G,G,Gadd9,G,C/G,G,Gadd9,G,C,G,G,Gadd9,G,G,C,G,Gadd9,G,G,C/G,G,Gadd9,G,C,G,G,Gadd9,G,C/G,G,Gadd9,G,C,G,Gadd9,G"
It Wont Be Long,"C#m,E,A,A(b9),C,D#+5,D6,C#7,B7,F#7,G6,F#,Fmaj7,Emaj7,C#m,E,C#m,A,A(b9),E,E,C,E,E,C,E,C#m,E,C#m,A,A(b9),E,E,D#+5,D6,C#7,A,B,F#7,B,E,C,E,E,C,E,C#m,E,C#m,A,A(b9),E,E,D#+5,D6,C#7,A,B,F#7,B,E,C,E,E,C,E,C#m,E,C#m,A,G6,F#7,Fmaj7,Emaj7"
Inner Light,"D#,C#,G#,G#,D#,D#,C#,C#,G#,D#,G#,D#,D#,D#,G#,D#,D#,G#,D#"
In My Life,"G,D,G,D,G,D,Em,G7/F,C,Cm,G,G,D,Em,G7/F,C,Cm,G,Em,C,F,G,Em,A,Cm,G,G,D,G,D,Em,G7/F,C,Cm,G,G,D,Em,G7/F,C,Cm,G,Em,C,F,G,Em,A7,Cm,G,G,D,Em,G7/F,C,Cm,G,G,D,Em,G7/F,C,Cm,G,Em,C,F,G,Em,A7,Cm,G,G,D,Cm,G,G,D,G"
Im Talking About You,"E,E,A,B,E,E,A,B,E,A,E,B,A,E,E,E,A,B,E,A,E"
Im So Tired,"A,G#7,D,E7,A,F#m7,D,E7,A,Eaug,F#m,Dm,A,G#7,D,E7,A,F#m7,D,E7,A,Eaug,F#m,Dm,A,E7,D,A,A,G#7,D,E7,A,F#m7,D,E,A,Eaug,F#m,Dm,A,E7,D,A,D,A,D,A"
Im Only Sleeping,"Em,Am,G,C,G,B7,Em,Am,G,C,G,C,G,Am,Bm,Am,Cmaj7,Em,Am,G,C,G,B7,Em,Am,G,C,G,C,G,Am,Bm,Am,Cmaj7,Cmaj7,Em,Dm9,E7,Am,Am/G,F,E7,Am,G,C,G,B7,Em,Am,G,C,G,C,C,G,Am,Bm,Am,Cmaj7,Cmaj7,Em,Dm9,E7,Am,Am/G,F,E,Am,G,C,G,B7,Em,Am,G,C,G,C,G,Am,Bm,Am,Cmaj7,Cmaj7,Em"
Im Looking Through You,"C,F,Dm7,Am,G,Am,C,F,Dm7,Am,G,C,Am,F,C,Dm7,G,C,G,D,G,D,G,C,G,C,G,C,G,C,G,C,Am7,Em,D,G,C,Am7,Em,D,Em,D,C,G,C,D,G,C,Am7,C7,G,C,G,C,G,C,G,C,C,G,C,Dsus4,D,G,C,G,C,G,C,G,C,G,C"
Im In Love,"Am,G#aug,C/G,D7/F#,F,Fm,C,Am,E7,G#,F,G,Am,Am7,F6,G7,C,Am,E7,G#,F,G,Am,Am7,F6,G7,C,C7,F,E7,Am,Dm7,G7sus4,G,Am,E7,G#,F,G,Am,Am7,F6,G7,C,C7,F,E7,Am,Dm7,G7sus4,G,Am,E7,G#,F,G,Am,Am7,F6,G7,C,Am,F6,G7,C,Am,F6,G7,C,Am,C,Am,C,Am,C,Am"
Im Happy Just To Dance With You,"C#m,F#m,G#,C#m,F#m,G#,C#m,F#m,G#,A,B6,E,B,E,G#m,F#m,B,E,G#m,F#m,B,A,F#m,E,C#m,A,B,E,B,E,G#m,F#m,B,E,G#m,F#m,B,A,F#m,E,C#m,A,B,E,C#m,F#m,G#,C#m,F#m,G#,C#m,F#m,G#,A,B6,E,B,E,G#m,F#m,B,E,G#m,F#m,B,A,F#m,E,C#m,A,B,E,C#m,F#m,G#,C#m,F#m,G#,C#m,F#m,G#,A,B6,E,B,E,G#m,F#m,B,E,G#m,F#m,B,A,F#m,E,C#m,A,B,C#m,F#m,G#,A,B,C#m,F#m,G#,A,B6,E6"
Im Gonna Sit Right Down And Cry Over You,"C7,D7,C7,G7,C7,G7,C7,G7,C7,G7,C7,D7,G7,C7,G7,D7,G7,G7,C7,G7,C7,G7,C7,D7,G7,C7,G7,D7,G7,C7,G7,C7,D7,G7,C7,G7,D7,G7,D7,C7,G7,C7,C7,G7,C7,D7,G7,C7,G7,D7,G7,G7,D7,G7,G7,D7,G7,G9"
Im Down,"G,G7,C,G,C,D,C,G,D,C,G,G,G7,G,G7,G,C,G,D,C,G,D,G"
Im A Loser,"Am7,D7,Am7,D7,Am7,F,D7,G,D,F,G,D,F,G,D,F,G,D,F,G,Am7,D7,Am7,D7,G,E,Am7,F,D7,G,D,F,G,D,F,G,D,F,G,D,F,G,G,D,F,G,D,F,G,D,F,G,D,F,G"
Ill Get You,"A,D,A,D,A,D,Bm,G,A7,D,Bm,G,A7,D,Am,D,Bm,G,A7,A,D,A,D,Bm,G,A7,D,Bm,G,A7,D,Am,D,Bm,G,A7,A,D,A,G,D,E,A,A7,D,Bm,G,A7,D,Bm,G,A7,D,Am,D,Bm,G,A7,A,D,A,D,A,D"
Ill Follow The Sun,"C,F,C,C,Cadd9,F,C,G,C,Cadd9/F,F,C,C,Cadd9/F,F,C,G,F,C,D7,C,Em,Dm,G,C,Cadd9/F,F,C,G,F,C,D7,C,Em,Dm,G,C,C7,Dm,Fm,C,C7,Dm,Fm,C,Dm,G,F7,C,D7,C,Em,Dm,G,C,Cadd9/F,F,C,G,F,C,D7,C,Em,Dm,G,C,C7,Dm,Fm,C,C7,Dm,Fm,C,Dm,G,F,C,D7,C,Em,Dm,G,C,Cadd9/F,F,C"
Ill Follow The Sun,"A,G7,D,E7,D,Bm,E7,A7,D,A,G7,D,E7,D,Bm,E7,A7,D,D,D7,G7,Gm,D,D7,G7,Gm,D,Em7,A,G7,D,E7,D,Bm,E7,A7,D,C,F,C,G,F7,C,D7"
Ill Cry Instead,"C9,G,G,D,C,G,D,G,G,D,C,G,D,G,Bm,A,D,E7,A7,D7,G,G,C,G,D,G,Bm,A,D,E7,A7,D7,G,G,C,G,D,G"
Ill Be On My Way,"A,E,A,D,A,E7,A,D,A,E7,A,E7,A,D,A,E7,B,E,B,B,F#7,B,E7,A,E7,A,D,A,E7,A,D,A,E7,A,A/E,A/F,A/F#,A/F"
Ill Be Back,"C,Bsus,A,Am,C,G,Fmaj7,E7,A,A,Bsus,A,Am,C,G,Fmaj7,E7,F#m,Bm,E7,Bm,E7,Bm,E7,Bm,C#m,F#m,B7,Bm,E7,F#m,Bm,E7"
If Youve Got Troubles,"E,B7,E,E,B7,E,A,B7,A,B7,E,B7,E,E,B7,E,E,B7,E,A,B7,A,B7,E,B7,E,A,E,A,E,B7,E,A,E,A,E,B7,E,E7,E7,E7,E7,A7,A7,E7,E7,B7,A7,E7,E7,E,B7,E"
If Youve Got Trouble,"A,B7,E,A,B7,E,A,B7,E,A,B7,E,A,E,A,B7,E,A,E,A,B7,E,E,A,B7,E"
Mean Mr Mustard,"E,Esus4,E,Esus4,E,B7,B7,C7,C#7,D7,D7,D7,C#7,C7,B7,B7,E,C,B7,E,C,B7,E,Esus4,E,Esus4,E,B7,B7,C7,C#7,D7,D7,D7,C#7,C7,B7,B7,E,C,B7,E,C,B7"
Maxwells Silver Hammer,"D,B7,Em,A7,D,A,D,B7,Em,A7,D,A,E7,A7,D,E7,A7,Em,A7,D,D,F#/C#,Bm,D7/A,G,D,D,B7,Em,A7,D,A,D,B7,Em,A7,D,A,E7,A7,D,E7,A7,Em,A7,D,D,F#/C#,Bm,D7/A,G,D,D,B7,Em,A7,D,A,D,B7,Em,A7,D,A,E7,A7,D,E7,A7,Em,A7,D,D,E7,A7,Em7,A7,D,A,D,D,F#/C#,Bm,D7/A,G,D,A,D"
Matchbox,"A7,A,A,A7,D7,A,E7,D7,A,E7,A,A7,D7,A,A7,E7,D7,A,E7,E7,A,A7,D7,A,A7,E7,D7,A,E7,A,D7,A,E7,D7,A,E7,A,A7,D7,A,A7,E7,D7,A,E7,A,A7,D7,A,E7,D7,A,E7,A"
Martha My Dear,"C,B7,Em,Em7,A,D,G,Fadd9,G7,Fmaj7,G7,Fmaj7,G7,Bm7,D,A,Asus4,A,Asus4,A,F#7,Bm7,Bm7,E7,Bm7,E7,Gmaj7,A,Gmaj7,C,C,B7,Em,Em7,A,D,G,Fadd9,G7,Fmaj7,G,G7,C,G7,C,D,C,C/B,C/A,C/G,C"
Mailman Bring Me No More Blues,"A,E,A,D,A,E,D,A,E,A,E,A,E,A,D,A,E,D,A,E,A,D"
Magical Mystery Tour,"G/B,Gm/Bb,F#m,D,A,E,E,G,A,D,D/C,G/B,Gm/Bb,D/A,A,D,D/C,G/B,Gm/Bb,D/A,A,E,E,G,A,D,D/C,G/B,Gm/Bb,D/A,A,D,D/C,G/B,Gm/Bb,D/A,A"
Maggie Mae,"G,C,G,D,G,C,D7,G,C,G,C,G,D"
Madman,"C,B7,B7,E7,F#7,B7,E7,B7,F#7,B7"
Lucy In The Sky With Diamonds,"A,A7,F#m,Dm,F,C,G,D,A,A7,F#m,Dm,A,A7,F#M,F,A,A7,F#m,Dm,A,A7,F,Bb,C,Dm,Bb,C,G,D,G,C,D,G,C,D,G,C,D,D,D,A"
Lucy In The Sky,"Fmaj7,Dm7,C7sus,Bb,C,F,Bb,C,G,D7,Em7,D,G,C,D,G,C,D,G,C,D,D,A"
Lucille,"C,G,C,F,C,G,F,C,G,C,F,C,G,F,C,G,C,F,C,G,F,C,G,C,F,C,G,F,C,G,C,F,C,G,F,C"
Lovely Rita,"B,A,E,B,E,D,A,E,B,C#m,F#7,B,E,A,D,G,E,B,E,C#m,F#m7,B7,E,D,A,E,B,C#m,F#7,B,A/B,G#m/B,F#m/B,E6/B,B7,E,D,A,E,B7,E,F#7,B7,C#m,F#7,F#m7,B7,A/B,G#m/B,F#m/B,E6/B"
Love You To,"C5,Bb/C,C5,Bb/C,C5,Bb/C,C5,Bb/C,C5,C5,Bb/C,C5,Bb/C,C5,Bb/C,C5,Bb/C,C5,C5,Bb/C,C5,Bb/C,C5,Bb/C,C5,Bb/C,C5,C5,Bb/C,C5,Bb/C,C5,Bb/C,C5,Bb/C,C5,Bb/C,C5,Bb/C,C5,Bb/C,C5,Bb/C,C5"
Love Of The Loved,"C,Em,Dm7,G7,C,Em,Eb,Fm,C,Ab7,G7,C,G7,Ab7,G7,C,Bb7,Eb,Gm,Ab,G7,Eb,Bb7,D7,G7"
Love Me Do,"G,C,G,C,G,C,C,C/G,G,G,C,G,C,G,C,C,C/G,G,D,C,F,G,D,C,F,G,G,C,G,C,G,C,C,C/G,G,G,C,G,G,C,G,C,G,C,C,C/G,G,G,C,G,C,G,C"
Long Tall Sally,"G,G7,C,G,D7,C7,G,D7,G,G7,C,G,D7,C7,G,D7,G,G7,C,G,D7,C7,G,D7,G,G7,C,G,D7,C7,G,D7,G,G7,C,G,D7,C7,G,D7,G,C,G,D7,C7,G,D7,G,C,G,D7,C7,G,C7,G,G9"
Long Long Long,"Em,G,Em,D,A,Bb,Am,Gm,F,C,C7,G,F#m,Em,D,A,Em,D,A,Em,D,A,A7,G,D,A,Em,G,D,A,Em,G,A,A,Em,D,A,Em,D,A,Em,D,A,A"
Little Queenie,"A5,A4,A5,A4,A5,A4,A5,A4,A,D,A,E,A,D,A,E,A,D,A,E,D,A,A,D,A,E,A,A,D,A,E,A,A,D,A,E,A,D,A,E,D,A,A,D,A,E,A,A,D,A,E,A,A,D,A,E,A,D,A,E,D,A,A,D,A,E,A,A,D,A,E,A"
Little Child,"E,A,E7,E7,A,E7,B7,A,F#7,B7,E7,A,E7,B7,A,F#7,B7,E,E,B7,E,F#7,B7,E7,A,E7,B7,A,F#7,B7,E,E7,A,E7,B7,A,F#7,B7,E,B7,E,F#7,B7,E7,A,E7,B7,A,F#7,B7,E,C#7,F#7,B7,E,C#7"
Like Dreamers Do,"F,C#7,F#,D7,G,D#7,G#,E7,A,F#m,Bm,C#m,E,A,F#m,Bm,C#m,E,A,C#7,Bm,E7,A,D,E,A,Bm,B7,E7,A,F#m,Bm,C#m,E,A,F#m,Bm,C#m,E,A,C#7,Bm,E7,A,D,E,A,Bm,B7,E7,A,F#m,Bm,C#m,E,A,F#m,Bm,C#m,E,A,C#7,Bm,E7,A,Adim,A,Adim,A,Adim,F,C#7,F#,D7,G,D#,G#,E7,A"
Let It Be,"C,G,Am,Fmaj7,F6,C,G,F,C/E,Dm7,C,C,G,Am,Fmaj7,F6,C,G,F,C/E,Dm7,C,C,G,Am,Fmaj7,F6,C,G,F,C/E,Dm7,C,Am,C/G,F,C,C,G,F,C/E,Dm7,C,C,G,Am,Fmaj7,F6,C,G,F,C/E,Dm7,C,C,G,Am,Fmaj7,F6,C,G,F,C/E,Dm7,C,Am,C/G,F,C,C,G,F,C/E,Dm7,C,Am,C/G,F,C,C,G,F,C/E,Dm7,C,F,C/E,Dm7,C,Bb,F/A,G,F,C,C,G,Am,F,C,G,F,C,Am,C/G,F,C,C,G,F,C/E,Dm7,C,C,G,Am,Fmaj7,F6,C,G,F,C/E,Dm7,C,C,G,Am,Fmaj7,F6,C,G,F,C/E,Dm7,C,Am,C/G,F,C,C,G,F,C/E,Dm7,C,Am,C/G,F,C,C,G,F,C/E,Dm7,C,Am,C/G,F,C,C,G,F,C/E,Dm7,C,F,C/E,Dm7,C,Bb,F/A,G,F,C"
Lend Me Your Comb,"E,E7,E,G,A,B,E,A,E,A,A,B,A,E,E7,E,G,A,B,E,A,E,A,A,B,A,E,E7,E,A,E,B,E,A,E,F#m,B,E,A,E,A,A,B,A,E,E7,E,G,A,B,E,E7,E,G,A,B,E,E,E7,E,G,A,B,E,A,E,B,E,A,E,F#m,B,E,A,E,A,A,B,A,E,E7,E,G,A,B"
Leave My Kitten Alone,"F,C,G,G7,C,C7,F,C,G,G7,C,F,C"
Lady Madonna,"A,D,A,D,A,D,F,G,A,A,D,A,D,A,D,A,F,G,A,A,D,A,D,A,D,A,F,G,A,Dm,G,C,Am,Dm,G7,C,Bm,Dsus2,E,A,D,A,D,A,D,A,F,G,A,A,D,A,D,A,D,F,G,A,Dm,G7,C,Am,Dm,G,C,Bm,Dsus2,E,A,D,A,D,A,D,A,F,G,A,A,D,A,D,A,D,F,G,A,Dm,G,C,Am,Dm,G7,C,Bm,Dsus2,E,A,D,A,D,A,D,A,F,G,A,A,Bm7,Cm6,Bm7,A,A,Bm7,Cm6,Bm7,A"
Komm Gib Mir Deine Hand,"F,F#,G,F,F#,G,F,F#,G,G7,G,F,G,F,G,G7"
Keep Your Hands Off My Baby,"D,D,G,D,G,D,D,G,Em,C,D,D,G,Em,C,D,G,D,G,D,G,D,D,G,Em,C,D,D,G,Em,C,D,G,D,G,D,G,D,D,G,Em,C,D,D,G,Em,C,D,G,G,Em,G,Em,C,D,G"
Keep Your Hands Of My Baby,"D7,G,D7,G,D7"
Kansas City Hey Hey Hey Hey,"A,D,A,D,E,A,D,A,E,D,A,D,E,A,D,A,E,D,A,A,A,E,A"
Kansas City Hey Hey Hey,"G,C,G,C,D,G,G,G,C,C,G,D,C,G,C,D,G,G,G,C,C,G,D,C,G,C,D,G,G,G,C,C,G,D,C,G,C,D,G,G,G,C,C,G,D,C,G,C,D,G,G,G,G,C,G,D,C,G,G,G"
Kansas City,"G,C,G,C/D,G,C,G,D,G,C,G,D,G,C,G,D,C,G,G,C,G,D,G,C,G,D,C,G"
Just Fun,"D,G,D,D,G,D,G,G,D,G,D,D,A,D"
Junk,"F#m,C#7/F,A6/E,Dmaj7,Dmaj7,A,A,A,A,F#m,C#7/F,A6/E,Dmaj7,Dmaj7,A,F#m,C#7/F,A6/E,Dmaj7,Dmaj7,A,Dsus4,Dm,A,E,E7,A,Dsus4,Dm,A,E,E7,A,F#m,C#7/F,A6/E,Dmaj7,Dmaj7,A,F#m,C#7/F,A6/E,Dmaj7,Dmaj7,A,Dsus4,Dm,A,E,E7,A,Dsus4,Dm,A,E,E7,A,Dsus4,Dm,A,E,A,Dsus4,Dm,A,E7,A,F#m,C#7/F,A6/E,Dmaj7,Dmaj7,A,F#m,C#7/F,A6/E,Dmaj7,Dmaj7,A"
Julia,"D,Bm7,F#m7,D,Bm7,F#m7,A7,D,Bm7,Am,Am7,B7,Gm7,Gm7,D,Bm7,F#m7,A7,D,Bm7,Am,Am7,B7,Gm7,Gm7,D,Bm7,F#m7,A7,D,C#m,D,Bm7,Bm6,F#m,F#m,D,F#m,D,Bm7,Am,Am7,B7,Gm7,Gm7,D,Bm7,F#m7,A7,D,D,Bm7,F#m,D,Bm7,F#m7,A7,D,Bm7,Am,Am7,B7,Gm7,Gm7,D,Bm7,F#m7,A7,D,Bm7,Am,Am7,B7,Gm7,Gm7,D,Bm7,A,D,A,D,F#m7,A7,Dmaj7,Am7,Gm7,Bm6,F#m"
Johnny B Goode,"A,E,D,A,A,D,A,E,A,A,D,A,E,A,A,A,E,A,A,D,A,E,A,A,D,A,D,A,E,A,E,A,D,A,E,A,A,D,A,E,A"
Ive Just Seen A Face,"G,Em,C,D,G,G,Em,C,D,G,D,C,G,C,G,G,Em,C,D,G,D,C,G,C,G,D,C,G,C,G,G,Em,C,D,G,D,C,G,C,G,D,C,G,C,G,D,C,G,C,G"
Ooh My Soul,"B,A,E,E,A,E,B,A,E,E,A,E,B,A,E,E,A,E,B,A,E,E,A,E,B,A,E,E,A,E,B,A,E,E,A,E,B,A,E"
Only A Northern Song,"A,A(v),Bm,E,F#m,F#,D,A(v),A(v),Bm,A(v),A(v),Bm,A(v),E,F#m,F#,Bm,F#,D,A,E,A(v),Bm,A(v),E,F#m,F#,Bm,F#,D,A,E,A(v),Bm,A(v),E,F#m,F#,Bm,F#,D,A,E,A(v),Bm,A(v),Bm"
One And One Is Two,"C,C,C,C"
One After 909,"B,E,B,F#7,B,B,E,B,F#7,B,E,B,C#,F#,E,B,C#,F#7,B,E,B,F#7,B,E,B,C#,F#,E,B,C#,F#7,B,E,B,F#7,B,F#7,B,F#7,B"
Old Brown Shoe,"C7,C7"
Oh Darling,"E+,A,E,F#m,D,Bm7,E7,A7,F7,B7,Bb7,E+,A,E,F#m,D,Bm7,E7,Bm7,E7,A,A,D,A,E,E,A,E,F#m,D,Bm7,E7,Bm7,E7,A,A,D,A,A7,A7,D,F7,A,B7,E7,E7,E+,E+,A,E,F#m,D,Bm7,E7,Bm7,E7,A,A,D,A,A7,A7,D,F7,A,B7,E7,E7,E+,E+,A,E,F#m,D,Bm7,E7,Bm7,E7,A,A,D,A,Bb7,A7"
Octopuss Garden,"B,E,B,A,B,E,C#m,A,B,E,C#m,A,B,E,C#m,A,B,C#m,A,B,E,C#m,A,B,E,E,C#m,A,B,E,C#m,A,B,C#m,A,B,E,C#m,A,B,E,A,F#m,D,E,A,F#m,D,E,A,B,E,C#m,A,B,E,C#m,A,B,C#m,A,B,E,C#m,A,B,C#m,A,B,C#m,A,B,E,B,E"
Ob-La-Di Ob-La-Da,"A,A,A,A,A,E,E7,A,D,A,E,A,A,E,F#m7,A,E,A,A,E,F#m7,A,E,A,A,E,E7,A,D,A,E,A,A,E,F#m7,A,E,A,A,E,F#m7,A,E,A,D,A,Asus2,A,A7,D,A/E,E,A,E,E7,A,D,A,E,A,A,E,F#m7,A,E,A,A,E,F#m7,A,E,A,D,A,Asus2,A,A7,D,A/E,E,A,E,E7,A,D,A,E,A,A,E,F#m7,A,E,A,A,E,F#m7,A,E,A,F#m7,E,A"
Nowhere Man,"Em,Gm,D,D,A,G,D,Em,Gm,D,F#m,G,F#m,G,F#m,Em7,A7,F#m,Am,E,E,B,A,E,F#m,Am,E,G#m,A,G#m,A,G#m,F#m,A,B"
Now And Then,"Am,Em,Am,F,E,Am,Am,Em,Am,Em,Am,F,E,Am,Am,Am,Em,Am,Em,Am,F,E,Am,Am,Am,F#m,E,F#m,E,Abm,D,Abm,C,B,B7,G,Bm,Em,Am,D,Am,D,D7,Am,Em,Am,Em,Am,F,E,Am,Am,Am,F#m,E,F#m,E,Abm,D,Abm,C,B,B7"
Not Guilty,"Em,Am,B7,Em,B7,E,E,E7,Am,B7,Em,B7,Em,Em/D,E,E7,Am7/G,Em7,Em6,Em,Em7,Am,B7,Em,B7,Em,Em/D,E,E7,Am7/G,Em7,Em6,Em,Em7,Am,Em7,Em6,Em,Am,B7,Em,B7,E,E,E7,Am,B7,Em,B7,Em,Em/D,E,E7,Am7/G,Em7,Em6,Em,Em7,Am,Em7,Em6,Em,Em,Am"
Not A Second Time,"G,Em,G,Em,D,G,D7,G,Em,G,Em,D,Am7,D7,Am7,Bm7,G,Em,Am,Bm,D7,Em,Am7,Bm7,G,Em,Am,Bm,D7,Em,G,Em,G,Em,D,G,D7,G,Em,G,Em,D,Am7,D7,Am7,Bm7,G,Em,Am,Bm,D7,Em,G,Em,G,Em,G,Em"
Norwegian Wood,"E,A,B,E,D,E,E,B,E,A,E,E,D,E,Em,A,Em,B,Em,Gbm,B,E,D,E,E,B,E,D,E,E,D,D,E,Em,A,A7,Em,B,A,Em,Gbm,B,E,D,E,E,B,E,D,E"
Nobody I Know,"G7,C"
No Reply,"C,C,D7,G6,C,D7,G,Em,Bm,Cmaj7,Bm,Am7,D7,G,C,D7,G6,C,D7,G,Em,Bm,Cmaj7,Bm,Am7,D7,G,G,B7,E,Am,C,G,G,B7,E,Am,C,G,Em,Bm,Cmaj7,C,D7,G6,G,Em,Bm,Cmaj7,Am7,B7"
My Bonnie,"E,A,E,E,F#m,B7,E,A,E,A,B7,E,B7,D,G,C,G,G,A,D,D7,G,C,G,D,Em,C,D,G,G,G7,C,C7,D,D7,C,G,G,G7,C,C7,D,C,G,C,G,G,G7,C,C7,G,D,C,G,D,G,G7,C,C7,G,D,C,G,D,G,C,G,G,A,D,D7,G,C,G,D,Em,C,D,G,G,G7,C,C7,D,D7,C,G,G,G7,C,C7,D,C,G,C,D7,G"
Mr Moonlight,"G,C,G,Em,C,G,C,G,E,A,D,G,G,G,G,G,C,G,E,A,D,G,C,G,E,A,D,G,G,G,G,G,G,G,C,G,E,A,D,G"
Mother Natures Son,"D,Dsus4,D,Bm,E,A,D,Dm,G,D,D,Dsus4,D,Bm,E,A,D,Dm,G,D,D,G,D,D,G,D,Dmaj7,D7,G,Gm,D,D,Dsus4,D,Bm,E,A,D,Dm,G,D,D,G,D,D,G,D,Dmaj7,D7,G,Gm,D,D,Dsus4,D,Bm,E,A,D,Dm,G,D,D,Dm,G,D7"
Money Thats What I Want,"B5,E5,A5,E5,B5,A5,E5,B5,A5,E5,A5,E5,B5,E5,A5,E5,B5,A5,E5,B5,A5,E5,A5,E5,B5,B5,E5,A5,E5,B5,A5,E5,B5,A5,E5,A5,E5,B5,E5,B5,A5"
Money,"E7,B7,E7,A7,E7,B7,A7,E7,B7,E7,B7,E7,A7,E7,B7,A7,E7,B7,E7,B7,E7,A7,E7,B7,A7,E7,B7,E7,B7,E7,E7,A7,E7,B7,A7,E7,B7,E7,D7,B7,A7,A7,G7"
Mister Moonlight,"D,D,G,D,Bm,G,D,G,D,B7,E,A,D,D,G,D,G,D,G,D,B7,E,A,D,G,D,B7,E,A,D,G,D"
Misery,"F,G,C,Am,G,C,F,C,F,F,G,C,Am,G,C,F,C,F,F,G,C,Am,C,Am,G,G7,C,F,C,F,F,G,C,Am,C,Am,G,G7,C,F,C,F,F,G,C,Am,C,Am,C,C,Am"
She Said,"B,A,G,D,A,G,D,Em,A7,D,A7,D"
She Loves You,"Em,A7,C,G6,G,Em,Bm,D,G,Em,Bm,D,G,Em,Cm,D,G,Em,Bm,D,G,Em,Bm,D,G,Em,Cm,D,Em,A7,Cm,D,G,G,Em,Bm,D,G,Em,Bm,D,G,Em,Cm,D,Em,A7,Cm,D,G,G/F#,Em,Cm,D7,G,G/F#,Em,Cm,D,G,G/F#,Em6,C,G6"
She Love You,"Em,A7,C,G6,G,Em,Bm,D7,G,Em,Bm,D7,G,Em,Em,G,Em,Cm,D7,G,Em,Bm,D7,G,Em,Bm,D7,G,Em,Em,G,Em,Cm,D7,Em,A7,Cm,D7,G,G,Em,Bm,D7,G,Em,Bm,D7,G,Em,Em,G,Em,Cm,D7,Em,A7,Cm,D7,G,Em,Cm,D7,G,Em,Cm,D7,G,Em,C,Cmaj7,G6"
She Came In Through The Bathroom Window,"A,D,A,D,A,D,A,Dm,A,Dm,G7,C,C/B,G7,C,A,D,A,D,A,D,A,D,A,D,A,D,A,Dm,A,Dm,G7,C,C/B,G7,C,A"
Sgt Peppers Lonely Hearts Club Band Reprise,"E,E,G,A,E,A,E,G,A,E,F#,B,A,E,F#7,C#,F#,A,B,F#,B,F#,A,B,F#,G#m,C#,B,F#,G#7,B,F#,A,B,F#"
Sgt Peppers Lonely Hearts Club Band,"E,G,D,B7,A7,E,G,D,E,E,G,D,E,B7,A7,E,G,D,E,E,G,D,E,A7,E,E,G,D,E,A7,B7,A7,E,B7,A7,B7,E,E,A7,E,B7,A7,A7,A7,E,G,D,E,E,G,D,E,B7,A7,E,G,D,E"
Sexy Sadie,"G,F#,Am,C,F,Bm,D,A#m,G#7,Bm,G,C,D,G,F#,F,D,G,F#,Bm,C,D,G,F#,C,D,G,F#,F,D,G,F#,Bm,C,D,G,F#,C,D,G,F#,Fmaj7,D,G,G,Am7,Bm7,Cmaj7,G,Am7,Bm7,Cmaj7,A7,G#7,G,G,F#,A#m,C,D,G,F#,C,D,G,F#,F,D,G,F#,A#m,C,D,G,F#,C,D,G,F#,F,D,G,F#,A#m,C,D,G,F#,F,D"
September In The Rain,"Ab6,Ab,Bbm,Bbm,Bbdim,Bbm,Eb7,Ab,Ab,Bbm,Bbm,Bbdim,Bbm,Eb7,Ab,Bbm,Eb7,Bbm,Eb7,Ab6,Cm,F,Cm,F,Bb7,Eb7,Ab,Ab,Bbm,Bbm,Bbdim,Bbm,Eb7,Ab,Bbm,Eb7,Bbm,Eb7,Ab,Abmaj7,Ab6,Ab,Cm,F,Cm,F,Bb7,E9,E9,A,A,Bm,Bm,Bdim,Bm,E,A,A,Ab,G,F#,F#,B7,E,A,A6,A,Cdim7,Ebdim7,Gbdim7,A,D,Ebdim7,E,A,A6,G6,G,Am,Am,Adim,Am,D7,G,G,Am,Am,Adim,Am,D7,G,Am,D7,Am,D7,G6,Bm,E7,Bm,E7,A7,D7,G,G,Am,Am,Adim,Am,D7,G,Am,D7,Am,D7,G,Gmaj7,G6,G,Bm,E7,Bm,E7,A7,D9,D9,G,G,Am,Am,Adim,Am,D7,G,G,Gb,F,E,E,A7,D,G6,G6,G,Bbdim7,Dbdim7,Edim7,G,C,Bbdim7,D7,G,G6"
Searchin,"C,C,F,C,G7,F,C,C,C7,F,C,G7,F,C,C,C7,C,G7,F,C"
Savoy Truffle,"E7,F#,A,G,B,Em,C/E,Em6,C/E,C,G,E7,F#,A,G,B,Em,C/E,Em6,C/E,C,G,Em,A,Asus,A,G,B,Em,A,Asus,A,G,B,Em,C/E,Em6,C/E,C,G,Em,A,Asus,A,G,B,Em,A,Asus,A,B,E7,F#,A,G,B,Em,C/E,Em6,C/E,C,G,Em,C/E,Em6,C/E,C,G"
Run For Your Life,"D,Bm,D,Bm,E,Bm,E,Bm,G,F#,Bm,D,D,Bm,D,Bm,D,Bm,D,Bm,E,Bm,E,Bm,G,F#,Bm,D,D,Bm,D,Bm,E,Bm,E,Bm,G,F#,Bm,D"
Roll Over Beethoven,"E,E,A,E,B,E,E,E,E,A,A,E,E,B"
Rocky Raccoon,"Am7,Am7,D7sus4,D7,G7,C,C/B,Am7,Am7,D7sus4,D7,G7,C,C/B,Am7,D7sus4,D7,G7,C,C/B,Am7,D7sus4,D7,G7,C,C/B,Am7,D7sus4,D7,G7,C,C/B,Am7,D7sus4,D7,G7,C,C/B,Am7,D7sus4,D7,G7,C,C/B,Am7,D7sus4,D7,G7,C,C/B,Am7,D7sus4,D7,G7,C,C/B,Am7,D7sus4,D7,G7,C,C/B,Am7,D7sus4,D7,G7,C,C/B,Am7,D7sus4,D7,G7,C,C/B,Am7,D7sus4,D7,G7,C,C/B,Am7,D7sus4,D7,G7,C,C/B,Am7,D7sus4,D7,G7,C,C/B,Am7,D7sus4,D7,G7,C,C/B,Am7,D7sus4,D7,G7,C,C"
Rock And Roll Music,"E7,A7,D7,A7,E7,A7,E7,A7,E7,A7,D7,E7,E7,A7,D7,A7,E7,A7,E7,A7,E7,A7,D7,E7,E7,A7,D7,A7,E7,A7,E7,A7,E7,A7,D7,E7,E7,A7,D7,A7,E7,A7,E7,A7,E7,A7,D7,E7,E7,A7,D7,A7,E7,A7,E7,A7"
Revolution 1,"A,Bm,D,D/A,E,F#,A,G,A,D,D,A,A,D,A,E,Bm,E,Bm,A,G,F#,E,A,D/A,A,D/A,A,D/A,A,D,D,A,A,D,D,E,Bm,Bm,Bm,A,G,F#,E,A,D/A,A,D/A,A,D/A,A,D,D,A,A,D,D,E,Bm,E,Bm,A,G,F#,E,A,D/A,A,D/A,A,D/A,A,D/A"
Revolution,"C,F,C,F,G7,Dm,G6,Dm,Bb,C,A,G11,C,F6,C,F6,C,F6,C,F6,G11,C,G11,C"
Real Love,"Cm,C,Am,F,Fm6,G,Em,Gaug,Dm,A,Cm,G,Cm,G,C,Em,Am,Gaug,F,Dm,G,C,F,C,F,C,Em,Am,Gaug,F,Dm,G,C,F,C,F,C,Fm6,C,Fm6,C,Am,F,G,C,Am,F,G,Cm,G,Cm,G,C,Em,Am,Gaug,F,Dm,G,C,F,C,F,C,Fm6,C,Fm6,C,Am,F,G,C,Am,F,G,Dm,A,Dm,Gaug,G,C,Em,Am,Gaug,F,Dm,G,C,F,C,F,C,Fm6,C,Fm6,C,Am,F,G,C,Am,F,G,C,Am,F,G,C,Am,F,G,C,Am,F,G,C,Am,F,G,C,Am,F,G,C"
Rain,"G,C,D,G,C,D,G,C,G,C,D,G,C,D,G,C,G,C9,G,C9,G,C,C9,D,G,G,G,C,D,G,C,D,G,C,G,C,D,G,C,D,G,C,G,G,C,G,G,C,G"
Rab,"D,A"
Ps I Love You,"G,C#7,D,G,C#7,D,G,C#7,D,D,A7,D,D,Em,D,A,A7,Bm,D,A7,Bb,Bb,C,D,G,D,G,D,G,D,D,A7,D,D,Em,D,Bb,C,D"
Polythene Pam,"D,A,E,D,A,E,D,A,E,G,B7,C,D,E,C,D,E,D,A,E,D,A,E,D,A,E,G,B7,C,D,E,C,D,E,D,A,E"
Please Please Me,"E,A,G,A,B,F#m,C#m,B,C,E,E,A,E,G,A,B,E,A,E,A,F#m,C#m,A,E,A,B,E,A,B,E,A,E,G,A,B,E,A,E,A,F#m,C#m,A,E,A,B,E,A,B,E,A,B,E,A,B,E,E,A,E,G,A,B,E,A,E,A,F#m,C#m,A,E,A,B,E,A,B,E,A,B,E,G,C,B,E"
Please Mr Postman,"F#m,F#m,A,F#m,D,E,A,F#m,D,E,A,F#m,D,E,A,F#m,D,E,A,F#m,D,E,A,F#m,D,E,A,F#m,D,E,A,F#m,D,E,A,F#m,D,E"
Please Mister Postman,"A,F#m,A,F#m,D,E,A,F#m,D,E,A,F#m,D,E,A,F#m,D,E"
Please Dont Bring Your Banjo Back,"C,F,C,F,G,C,F,E,F,C,G,C,F,C,G,C,F,C,G,C,F,C,G,C"
Piggies,"F,C7,F,C,F,C7,Dm,G,Dm7,G7,C7,Bb,Cdim,C,F,C7,F,C,F,C7,Dm,G,Dm7,G7,C7,Bb,Cdim,C,Gm,A7,Bb,C,Gm,A7,Bb,C,F,C7,F,C,F,C7,Dm,G,Dm7,G7,C7,Bb,Cdim,C,G,D7,G,D,G,D7,Em,A,Em7,A7,D,Em7,Fdim,D/F#,G,D,G,D,G,D7,G,D,G,D7,Em,A,Em7,A7,D,Em7,Fdim,D/F#,G,D,G,B,Am,B7,C,D,Am,B7,C,D,D7,G,D7,G,D,G,D7,Em,A,Em7,A7,D,Em7,Fdim,D/F#,G,D,Gm,D,Gm,D,A7,D,Ab,Eb"
The Long And,"Cm,Gm,Ab,Bb,Eb,EB,Db,Ab,Eb/G,Cm7,Fm7,Bb7"
The Inner Light,"A,A,A7,D,A,A7,D,A,A7,D,A,A7,D,D,A,A7,D,A,A,A,A7,D,A,A7,D,A,A7,D,A,A7,D,D,A,A7,D,A,A,A"
The Honeymoon Song,"E,A,E,E,A6,E,E,B6,E,A6,E6,A,E,A,E,A,E,C#m,G#m,C#m,G#m,B7,E,A6,E,A,B,A,G#m,F#m,C#m,F#m,B,E,E,A6,E6,E6,B6,E,A6,E,A,B,A,G#m,F#m,C#m,F#m,B7,E,F#m,B,E,F#m,B7,E,E,A,B,E,E,E6,E6,E6"
The Hippy Hippy Shake,"A,E,A,B,E,A,E,B,A,C,E,B,E,A,E,B,A,C,E,B,E,A,E,B,A,E,B,E,A,E,B,A,C,E,C,E,C,E"
The Fool On The Hill,"D,Em,D,Em,Em,A,D,Bm,Em,A,Dm,Bb,C,Dm,D,Em,D,Em,Em,A,D,Bm,Em,A,Dm,Bb,C,Dm,D,Em,D,Em,Em,A,D,Bm,Em,A,Dm,Bb,C,Dm,Em,A,D,Bm,Em,A,Dm,Bb,C,Dm"
The End,"A,D,B,E,A,D,A,A,D,B,E,A/C#,B/F#,A7,D7,A7,D7,A7,D7,A7,D7,A7,D7,A7,D7,A7,D7,A7,D7,A7,D7,A7,D7,A7,D7,A7,D7,A7,D7,A7,A,A,G,F,Dm,G,C,D/C,Eb/C,F/C,C"
The Continuing Story Of Bungalow Bill,"C,G,C,Fm,C,Fm,G,A,E7,A,D,A,D,E7,Am,C,F,G,Am,C,F,G,E,G,Am,Fm,C,G7,C,Fm,C,Fm,G,A,E7,A,D,A,D,E,Am,Am/C,F,G,Am,Am/C,F,G,E,G,Am,Fm"
The Ballad Of John And Yoko,"E,E7,A,E,E7,A,E,B7,E,A,B7,B,E"
Thats All Right Mama,"A,A,A7,D7,E7,A,A,A,A7,D7,E7,A,A,A7,D,E,A,A,A,A7,D7,E7,A,A,A,A7,D7,E7,A,A,A7,D,E,A,A,D7,E7,A,E7,A"
That Means A Lot,"E,E,Am,E,Am,F#m7,B,G,Am,G,F#m7,B,E,A,B,E,Am,E,Am,F#m7,B,G,Am,G,F#m7,B,E,A,B,E,C#m,E,B,C#m,G#m,E,Am,E,Am,F#m7,B,G,Am,G,F#m7,B,E,A,B,E,C#m,E,C#m,E,C#m"
Thank You Girl,"D,D7,D,D7,A,E,A,E,Amaj7,E,A,A,E,A,E,Amaj7,E,A,D,A7,D,E,A,E,A,E,Amaj7,E,A,A,E,A,E,Amaj7,E,A,D,A7,D,E,D,A,E,E,E7,D7,A7,D,A7,D,E,D,D7,D,D7,A,E,A,E,Amaj7,E,A,A,E,A,E,Amaj7,E,A,D,A7,D,E,D,D7,D,D7,A,D,A,D,D,D7,A,D,A,D,D,D7,A,D,A,D,A"
Tell Me Why,"G7,C,Am,Dm7,G7,Dm7,C,Am,Dm7,G7,C,Am,Dm7,G7,Dm7,C,G7,C,Am,Dm7,G7,C,Am,Dm7,G7,C,Am,Dm7,G7,Dm7,C,Am,Dm7,G7,C,Am,Dm7,G7,Dm7,C,G7,C,Am,Dm7,G7,C,Am,Dm7,G7,C,Am,Dm7,G7,Dm7,C,Am,Dm7,G7,C,Am,Dm7,G7,Dm7,C,C7,F7,G7,Am,Dm,G7,C,G7,C,Am,Dm7,G7,Dm7,C,Am,Dm7,G7,C,Am,Dm7,G7,Am,Ab,G7,C"
Tell Me What You See,"G,C,G,G,C,G,C,G,C,G,C,G,C,G,G,C,C,G,D,G,G,C,C,G,D,G"
Teddy Boy,"D,D,A,Am,Em,G,A,D,A,Am,Em,G,A,A,B7,C#7,F#,F#,C#,C#m,G#m,B7,C#7,F#,B7,E,A,F#,B7,E,D,F#,B7,E,A,F#,B7,E,D,D,A,Am,Em,G,A,D,A,Am,Em,G,A,A,B7,C#7"
Taxman,"D7,D7,D7,D7,C7,D7,D,C,D,C,D,C,D,F,D7,C7,D7,D7#9,G7#9"
Taking A Trip To Carolina,"A,A,D,A,E,A,D,A,E,A,D,E"
Take Good Care Of My Baby,"G,Em,C,D,G,Gaug,C,D,G,Em,C,D,G,Em,C,D,G,Gaug,C,Cm,G,Em,C,D,G,Em,C,D,G,Em,C,D,G,Gaug,C,Cm,G,C,D,G,G7,C,D,G,Em,C,D,Bm,Em,Am7,D,G,Em,C,D,G,Em,C,D,G,Gaug,C,Cm,G,Em,C,D,G,G#,Fm,C#,D#,G#,Fm,C#,D#,G#,Eaug,C#,C#m,G#,Fm,C#,D#,G#,G#,Fm,C#,D#,G#,Fm,C#,D#,G#,Fm,C#,D#,A,Dm,A,A7"
Sweet Little Sixteen,"A7,D7,A7,D7,G7,D7,A7,D7,A7,D7,A7,D7,G7,D7,A7,D7,G7,D7,A7,D7,G7,D7,A7,D7,A7,D7,A7,D7,G7,D7,A7,D7,A7,D7,A7,D7,G7,D7,A7,D7,A7,D7,A7,D7,G7,D7,A7,D7,D"
Suzy Parker,"E,A,A7,E,B7,A7,E,E,A,A7,E,B7,A7,E,E,A7,E,B7,A7,E,E,A,A7,E,B7,A7,E,E,A7,E,B7,A7,E"
Sure To Fall In Love With You,"A,Bm,A,A,D,A,E,A,D,A,E,A,D,Bm,D,A,Bm,E,A,D,A,E,A,A,D,A,E,A,D,A,E,D,Bm,D,A,Bm,E,A,D,A,E,A"
Sun King,"E,F#m7/E,E6,Fadd2/G,C,Cmaj7,Gm7,A7,F,D7,Em7,C7,E,F#m7/E,E6,F#m7/E,E6,F#m7/E,E6,Fadd2/G,C,Cmaj7,Gm7,A7,C,Cmaj7,Gm7,A7,F,D7,F,D7,C,Em7,C7,F,F#m7/E,E6,F#m7/E,E6,F#m7/E,E6"
Strawberry Fields Forever,"C,G,Bm,Dm,Am,Am/G,F,C,Gm,Gm7,A7,C,G,Bm,Dm,Am,Am/G,F,G,C,Am,F,G,F,C,G,Bm,Dm,Am,Am/G,F,G,C,Am,F,G,F,C,C,Gm,Gm7,A7,F,A7,F,C,Am,F,C,Am,F,G,F,C"
Strawberry Fields Forever,"Em7,F#m7,Dmaj7,E,G#m,E7,Bm7,C#7,C#dim,A,Em7,F#m7,D,F#,Dmaj7,A,E,G#m,E7,Bm7,C#7,F#m,F#m7,Dmaj7,D,E7,A,F#m,D,E,D,A,Em7,C#dim,D,F#,Dmaj7,A,E,G#m,E7,Bm7,C#m7,F#m,F#m7,Dmaj7,D,E7,A,F#m,E,D,E,D,A,Em7,C#dim,D,F#,Dmaj7,A,E,G#m,E7,Bm7,C#m7,F#m,F#m7,Dmaj7,D,E7,A,F#m,E,D,E,D,A,Em7,C#dim,D,F#,Dmaj7,A,F#m,Dmaj7,A,Dmaj7,E,F#m"
Something,"F#mMaj7,A,Amaj7,A7,D,B,A,A#,B,F#m,F#mmaj7,A,D,A,Amaj7,A7,D,B,A,A#,B,F#m,F#mMaj7,A,D,F#,F#,A#,B,F#,B,F#,A,F#,A#,B,F#,B,F#,A,A,Amaj7,A7,D,B,A,A#,B,F#m,F#mMaj7,A,D"
Something,"A,Amaj7,A7,D,B7,E,F#m,F#mmaj7,F#m7,B,D,G,G#,A,A,Amaj7,A7,D,B,E,F#m,F#mmaj7,F#m7,B,D,G,G#,F#,F#,F#maj7,F#7,B,E,F#,F#,F#maj7,F#7,B,E,A,A,Amaj7,A7,D,B,E,F#m,F#mmaj7,F#m7,B,D,G,G#,A"
Some Other Guy,"A,C,D,G,D,A,D,D,G7,D,A7,D9,D,D7,D,G,D,A7,D,D9,D,A7,C,D,Dadd9"
Soldier Of Love,"C#m,E,C#m,E,C#m,F#m,E,G#m,A,B,E,G#,A,B,E,C#m,E,C#m,E,C#m,F#m,E,G#m,A,B,E,G#m,A,B,E,C#m,E,C#m,E,C#m,F#,E,E,A,E,E,A,E,E"
So How Come No One Loves Me,"G,D7,G,F,G,G,D7,G,F,G,G7,C7,G,C7,D7,G,D7,G,F,G,G,G,G,D7,G,F,C,C7,G,C7,D7,G,D7,G,F,C,G,D7,G,F,C,G,D7,G,F,C,G,F,F#,G,G9"
Slow Down,"D,D7,G,D,A,G,D,D,D7,D7,G,D,A,G,D,D,D7"
Sie Liebt Dich,
Shout,"B7,E,C#m,B7,E,C#m,E,C#m,E,C#m,E,C#m,E,C#m,E,C#m,E,C#m,E,C#m,E,C#m,E,C#m,E,C#m,E,C#m,E,C#m,E,C#m,E,C#m,E,C#m,E,C#m,E,C#m,E,C#m,E,C#m,E,C#m"
Wait,"Em7,A,Am,Em,B7,Em,Em7,A,Am,Em,B7,Em,Em7,A,Am,Em,B7,Em,G,Cmaj7,G,Cmaj7,G,Cmaj7,G,B7,Em,G,Cmaj7,G,Cmaj7,G,Cmaj7,G,B7,Em,Em,A,D,G,Em,A,D,G,Em,B,Em7,A,Am,Em,B7,Em,Em7,A,Am,Em,B7,Em,G,Cmaj7,G,Cmaj7,G,Cmaj7,G,B7,Em,Em7,A,Am,Em,B7,Em,Em7,A,Am,Em,B7,Em"
Two Of Us,"G,Cadd9,Bm,Am7,G,Cadd9,Bm,Am7,G,G/D,Cadd9,D,Cadd9,G,G/D,Cadd9,D,Cadd9,G,G/D,Cadd9,Cadd9,G,G,Cadd9,Bm,Am7,G,Cadd9,Bm,Am7,G,G/D,Cadd9,D,Cadd9,G,G/D,Cadd9,D,Cadd9,G,G/D,Cadd9,Cadd9,G,Bb,Dm,Gm,Am,Am7,D,G,Cadd9,Bm,Am7,G,Cadd9,Bm,Am7,G,G/D,Cadd9,D,Cadd9,G,G/D,Cadd9,D,Cadd9,G,G/D,Cadd9,Cadd9,G,Bb,Dm,Gm,Am,Am7,D,G,Cadd9,Bm,Am7,G,Cadd9,Bm,Am7,G,G/D,Cadd9,D,D,Cadd9,G,G/D,Cadd9,D,D,Cadd9,G,G/D,Cadd9"
Twist And Shout,"D,G,A,A7,D,G,A,A7,D,G,A,D,G,A,D,G,A,D,G,A,D,G,A,D,G,A,D,G,A,D,G,A,D,G,A,D,G,A,D,G,A,D,G,A,D,G,A,D,G,A,D,G,A,D,G,A,D,G,A,D,G,A,D,G,A,D,G,A,A,A,D,G,A,D,G,A,D,G,A,D,G,A,D,G,A,D,G,A,D,G,A,D,G,A,D,G,A,D,G,A,D,G,A,A,A5,A5,A#5,B5,C5,C#5,D5,D9"
Too Much Monkey Business,"A,A7,D7,A,E7,D7,A,E7,A,D7,A,E7,D7,A,E7"
Too Bad About Sorrows,"A,C#m,C#m,F#m,E7,A,C#m,C#m,F#m,E7,A,C#m,F#m,E7"
Tomorrow Never Knows,"C,Bb,F,C,C,Bb,F,C,C,Bb,F,C,C,Bb,F,C,C,Bb,F,C,C,Bb,F,C,C,Bb,F,C,Bb,F,C,Bb,F,C"
Tomorrow Never Knows,C
Tommorow Never Knows,"C,C11,C,C11,C,C11,C,C11,C,C11,C,C11,C,C11,C11"
To Know Her Is To Love Her,"E,B,C#m,A,E,B,E,A,E,B,E,B,C#m,A,E,B,E,A,E,G,D,C,B7,G,E,C,B7,F#,B,E,B,C#m,A,E,B,E,A,E,G,D,C,B7,G,E,C,B7,F#,B,E,B,C#m,A,E,B,E,A,E"
Till There Was You,"F,F#dim7,Gm7,C7+9,F,F#dim7,Gm7,Bbm,F,Am,G#m,Gm7,C7+9,F,Gm7,C7+9,F,F#dim7,Gm7,Bbm,F,Am,G#m,Gm7,C7+9,F,F#dim7,Bb,Bbm,F,D,Gm7,Gmmaj7,G7,C7,C7+5,F,F#dim7,Gm7,Bbm,F,Am,G#m,Gm7,C7+9,F,Gm7,C7+9,F,F#dim7,Gm,Bbm,F,Am,G#m,Gm7,C7+9,F,Bb,Bbm,F,D,Gm7,Gmmaj7,G7,C7,C7+5,F,F#dim7,Gm7,Bbm,F,Am,G#m,Gm7,C7+9,F,C7,B7,C7,F,C#,F,Fmaj7"
Ticket To Ride,"A,Bm,E,F#m,D,F#m,Gmaj7,F#m,E,A,A,Bm,E,F#m,D,F#m,Gmaj7,F#m,E,A,D,E,D,E,A,Bm,E,F#m,D,F#m,Gmaj7,F#m,E,A,D,E,D,E,A,Bm,E,F#m,D,F#m,Gmaj7,F#m,E,A,A"
Three Cool Cats,"Fm,B,Em,Fm,B,Em,Fm,B,Em,Fm,B,Em,Fm,B,Em,Fm,B,E,Fm,B,Em,Fm,B,Em,Fm,B,Em,Fm,B,Em,Fm,B,Em,Fm,B,Em,Em,D,Em,D,Fm,B,Em,Fm,B,Em,Fm,B,Em,Fm,B,Em,Fm,B,Em,Fm,B,Em,Fm,B,Em,Em,D,Em,D,Fm,B,Em,Fm,B,Em,Fm,B,Em,Fm,B,Em,Fm,B,Em,Fm,B,Em,Fm,B,Em,Fm,B,Em,Fm,B,Em"
This Boy,"D,Dsus2,D,D,Bm,Em,A,D,Bm,Em,A,D,Bm,Em,A,D,Bm,Em,A,D,Bm,Em,A,Em/D,Bm,Em,A,D,Bm,Em,A7,D,Bm,Em,A7,D,Bm,Em,A,Em/D,D,D7,D7,G,F#,Bm,D,D7,G,E,A,D,Bm,Em,A,D,Bm,Em,A7,D,Bm,Em,A,Em/D,Bm,Em,A,D,Bm,Em,A,D,Bm,Em,A"
Thinking Of Linking,"A,E,A,E,A,A7,D,E,A,A,E,A,E,A,A7,D,E,A"
Think For Yourself,"G,G,G,G#,Am,Dm,Bb,C,G,G#,Am,D,Bb,C,G,Am,C7,G,Eb,D,G,G,G,G#,Am,Dm,Bb,C,G,G#,Am,Dm,Bb,C,G,Am,C7,G,Eb,D,G,G,G,G#,Am,Dm,Bb,C,G,G,G#,Am,Dm,Bb,C,G,Am,C7,G,Eb,D,G,C7,G,Eb,D,C,G,Eb,D,C,G,G,G,G"
Things We Said Today,"Am,Am,Am,Em7,Am,Am,Em7,Am,Am,Em7,Am,Am,Em7,Am,C,C9,F,Bb,Am,Em7,Am,Am,Em7,Am,Am,Am,Em7,Am,Am,Em7,Am,Am,Em7,Am,Am,Em7,Am,C,C9,F,Bb,Am,Em7,Am,Am,Em7,A,A,D7,B7,E7,A,D7,B7,Bb7,Am,Em7,Am,Am,Em7,Am,Am,Em7,Am,Am,Em7,Am,C,C9,F,Bb,Am,Em7,Am,Am,Em7,A,A,D7,B7,E7,A,D7,B7,Bb7,Am,Em7,Am,Am,Em7,Am,Am,Em7,Am,Am,Em7,Am,C,C9,F,Bb,Am,Em7,Am,Am,Em7,Am"
Theres A Place,"E,A,E,A,E,A,E,A,E,C#m,B7,A,G#m7,A,G#m7,B7,C#m7,E,A,E,A,E,C#m7,B7,C#m7,A,B7,E,C#m7,F#7,E,G#m7,C#m7,F#7,E,G#m7,C#m7,G#m7,C#m7,E,A,E,A,E,C#m,B7,A,G#m7,A,G#m7,B7,C#m7,E,E"
The Word,"As4,Asus4,Gsus4,A7,G7,D7,D7,G7,D7,As4,A,Gs4,A,D7,D7,Cadd9,F6,G7,D7,G7,D7,As4,A,Gs4,A,D7,D7,Cadd9,F6,G7,D7,G7,D7,As4,A,Gs4,A,D7,D7,Cadd9,F6,G7,D7,G7,D7,As4,A,Gs4,A,D7,D7,Cadd9,F6,G7,D7,D7,G7,D7,As4,A,Gs4,A,D7,D7,Cadd9,F6,G7"
The Walk,"A,D,A,E,A,A,D,A,E,A,Bb,A"
The Sheik Of Araby,"C,Cdim,Dm,Dm,G,C,C,Cdim,Dm,Dm,G,C,C,Cdim,Dm,Dm,G,C,A,A,D7,D7,G,A,C,Cdim,Dm,Dm,G,C,C,Cdim,Dm,Dm,G,C,C,Cdim,Dm,Dm,G,C,A,A,D7,D7,D7,G,C,A,D7,G,C,A,D7,G,C"
The Night Before,"D,F,G7,A7,D,C,G,A,D,C,G,A,Bm,Gm6,Bm,Gm6,D,G7,D,F,G,D,C,G,A,D,C,G,A,Bm,Gm6,Bm,Gm6,D,G7,D,Am,D7,G,C,G,Bm,E7,A7,D,C,G,A,D,C,G,A,Bm,Gm6,Bm,Gm6,D,G7,D,F,G,D,C,G,A,D,C,G,A,Bm,Gm6,Bm,Gm6,D,G7,D,Am,D7,G,C,G,Bm,E7,A7,D,C,G,A,D,C,G,A,Bm,Gm6,Bm,Gm6,D,G7,D,F,D7,D"
You Never Give Me Your Money,"Am7,Dm9,G7,C,Fmaj7,Bm7b5,E7,Am,C/G,G,C7,F,Bb,D7,Eb7,G7,A7,F#7,G#7,A,B,E,Dm,G/D,Am/D,C,G/B,A,Am7,Dm9,G7,C,Fmaj7,Bm7b5,E7,Am,Am,Am7,Dm9,G7,C,Fmaj7,Bm7b5,E7,Am,Am7,Dm9,G7,C,Fmaj7,Bm7b5,E7,Am,C/G,G,C,E7,Am,C7,F,G,C,C,E7,Am,C7,F,G,C,Bb,F,C,Bb,F,C,Bb,F,C,D7,Eb7,G7,C7,A7,Eb7,C7,F#7,Eb7,A7,F#7,G#7,A,B,C,E,A,Dm,G/D,Dm,G/D,A,B,C,G/B,A,C,G/B,A,C,G/B,A,C,G/B,A,C,G/B,A"
You Like Me Too Much,"Am,C,G,Am,C,G,Bm7,D7,G,C,D7,Am,C,G,Am,C,G,Bm7,D7,G,C,D7,G/F,G/B,Em7,A7,Bm,A,Em7,A7,A7,D7,Am,C,G,Am,C,G,Bm7,D7,G,C,D7,G,C,G,D7,G,C,D7,G/F,G/B,Em7,A7,Bm,A,Em7,A7,A7,D7,Am,C,G,Am,C,G,Bm7,D7,G,C,D7,G,C,D7,D7,G,Bb,Bb,D7,G"
You Know What To Do,"A,E,A,E,A,E,A,E,D,A,A,A,E,A,E,A,E,D,D,A,D,A,E,A,E,A,E,A,E,D"
You Know My Name,"G/D,A,D,F#m,G,A,D,F#m,G,A,G,Bb,Bm,E7,G,D,Em,A7,D,F#m,G,A7,D,F#m,G,A7,D,A7,D,A7,G,F#,Bm,E7,G,D,Em,A7,D,G,A,D,G,A,G,F#,Bm,E7,G,D,Em,A7,D,Em,A7,D,Em,A7,G,F#,F#,Bm,E7,G,D,Em,A7,D,Em,A7,D,Em7,A13,D,Em7,A13,D,Em7,A13,D,G,A7,D,G,A7,G,D/F#,Bm,Em,G,D,Em,A7,D,G,A7,D,G,A7,D,G,A7,D6,D,G,A7sus,D,Gmaj9,G,F#,Bm,E9,G,D,Em,A7,D,G,A7,D,G,A7,G,F#,Bm,E9,G,D,Em7,A7,D,G,A7,D,G,A7,D,A,D,A7sus,D13,E,A,D,G,B,E"
You Cant Do That,"D,G,D,A7,G,D,D,G,D,A7,G,D,F#7,Bm,Em,F#m,D,F#7,Bm,Em,F#m,D,G,D,A7,G,D,D,G,D,A7,G,D,F#7,Bm,Em,F#m,D,F#7,Bm,Em,F#m,D,G,D,A7,G,D,A7,G,D,G,G7,G,G7,C11,G,G7,D9,C11,G,G7,D9,G,G7,G,G7,C11,G,G7,D9,C11,G,G7,B7,Em,Am,Bm,G,G7,B7,Em,Am,D,D9,G,G7,G,G7,C11,G,G7,D9,C11,G,G7,D9,G,G7,G,G7,D9,C11,G,G7,D9,C11,G,G7,B7,Em,Am,Bm,G,G7,B7,Em,Am,D,D9,G,G7,G,G7,C11,G,G7,D9,C11,G,G7,D9,G,G7,C11,D9,B7,Em"
Yesterday,"F,Em7,A7,Dm,Dm/C,Bb,C7,F,C,Dm,G7,Bb,F,F,Em7,A7,Dm,Dm/C,Bb,C7,F,C,Dm,G7,Bb,F,Em7,A7,Dm,Dm/C,Bb,Gm,C,F,Em7,A7,Dm,Dm/C,Bb,Gm,C,F,F,Em7,A7,Dm,Dm/C,Bb,C7,F,C,Dm,G7,Bb,F,Em7,A7,Dm,Dm/C,Bb,Gm,C,F,Em7,A7,Dm,Dm/C,Bb,Gm,C,F,F,Em7,A7,Dm,Dm/C,Bb,C7,F,C,Dm,G7,Bb,F,Dm,G7,Bb,F,F"
Yes It Is,"E,E,A,F#m7,B7,E,A,D6,B7,C#m,A,D,C#m,E,E,A,F#m7,B7,E,A,D6,B7,C#m,A,D,C#m,E,Bm,E7,A,F#m,Bm,E7,C#m,E,F#7,B7,E,A,F#m7,B7,E,A,D6,B7,C#m,A,D,C#m,E7,Bm,E7,A,F#m,Bm,E7,C#m,E,F#7,B7,E,A,F#m7,B7,E,A,D6,B7,C#m,A,D,C#m,E,G#7,A,E"
Yer Blues,"E7,A7,E7,G,B7,E7,A7,E7,B7,E7,A7,E7,G,B7,E7,A7,E7,B7,E7,E7,E7,E7,A7,E7,G,B7,E7,A7,E7,B7,E7,E7,E7,E7,A7,E7,G,B7,E7,A7,E7,B7,E7,E7,E7,E7,A7,E7,G,B7,E7,A7,E7,B7,E7,E7,A7,E7,G,B7,E7,A7,E7,B7,E7,E7,A7,E7,G,B7,E7,E7,E7,A7,E7,G,B7,E7,A7,E7,B7"
Yellow Submarine,"G,D,C,G,Em,Am,C,D,G,D,C,G,Em,Am,C,D,G,D,C,G,Em,Am,C,D,G,D,C,G,Em,Am,C,D,G,D,D,G,G,D,D,G,G,D,C,G,Em,Am,C,D,G,D,C,G,Em,Am,C,D,G,D,D,G,G,D,D,G,G,D,C,G,Em,Em,Am,C,D,G,D,C,G,Em,Em,Am,C,D,G,D,C,G,Em,Am,C,D,G,D,C,G,Em,Am,C,D,G,D,D,G,G,D,D,G,G,D,D,G,G,D,D,G"
World Is Waiting For The Sunrise,"A7,D,D7,G7,A,F#,G,Gm,D,B7,E,A,D,A,D,A7,D,G7,A,F#,G,Gm,D,B7,E,A,D,A,D,A7,D,D7,G7,A,F#,G,Gm,D,B7,E,A,D,A,D,A7,D,D7,G7,A,F#,G,Gm,D,B7,E,A,D,A,D,A,D6"
Words Of Love,"A,D,E,A,D,E,A,D,E,A,D,E,A,D,E,A,D,E,A,D,E,A,D,E,A,D,E,A,D,E,A,D,E,A,D,E,A,D,E,A,D,E,A,D,E,A,D,E,A,D,E,A,D,E,A,D,E,A,D,E,A,D,E"
Within You Without You,"C,Csus4,C,C7,C,Csus2,C,Csus4,C,Csus4,C,C7,C,Csus2,C,Csus4,C,Csus4,C,Csus4,C,Csus4,C7,C,Csus4,C,C,Csus4,C,C7,C,Csus2,C,Csus4,C,Csus4,C,C7,C,Csus2,C,Csus4,C,Csus4,C,Csus4,C7,C,Csus4,C,C7,C,C,Csus4,C,Csus4,C,Csus2,C"
With A Little Help From My Friends,"C,G,Dm,G7,C,G,Dm,G7,C,Bb,F,C,Bb,F,C,F,C,Bb,F,C,Bb,F,C,F,C,C,Am7,D7,C,Bb,F,Am,D7,C,Bb,F,Bb,F,C,Bb,F,C,F,C,E,B,F#m,B7,E,B,F#m,B7,E,D,A,E,D,A,E,A,E,B7,E,B,F#m,B7,E,B,F#m,B7,E,E,C#m,F#m7,E,D,A,C#m,F#m7,E,D,A,A,D,A,E,D,A,E,D,A,E,D,A,C/G,Am6,E"
With A Little Help,"E,B,F#m,B,E,E,B,F#m,B,E,D,A,E,D,A,E,D,A,E,B,C#m,F#,E,D,A,C#m,F#,E,D,A,E/D,E/C#,E,C,E/D,E"
Window Window,"G,Am,Em,A7,G,A7,Am,Em,Em,G,G,Am,Em,A7,G,A7,Am,Em,Am,G,G,Am,Em,A7,G,A7,Em,G,Em,G"
Wild Honey Pie,"G7,F7,E7,Eb7,D7,G7,G7,G7,F7,E7,Eb7,D7,G7,G7,G7,F7,E7,Eb7,D7,G7,F7,G7,F7,G7"
Why Dont We Do It In The Road,"D,D7,G,G7,D7,A7,G7,D7,D,D7,G,G7,D7,A7,G7,D7,D,D7,G,G7,D7,A7,G7,D7"
Why Cant You Love Me Again,"A,G,A,G,A,G,E,A,C#m,Bm,E,A,C#m,Bm,E,A,A7,D,Dm,A,E,A,A,C#m,Bm,E,A,C#m,Bm,E,A,A7,D,Dm,A,E,A,A7,D,A,B,A,C#m,Bm,E,A,C#m,Bm,E,A,A7,D,Dm,A,E,A,A7,D,A,B,A,C#m,Bm,E,A,C#m,Bm,E,A,A7,D,Dm,A,E,A,E,A,E,A,F,A,A6"
Why,"A,G,G6/E,G,A,G,G6/E,G,A,G,G6/E,G,E,A,C#m/G#,Bm/F#,E,A,C#m/G#,Bm/F#,E,A,A7,D,Dm,A,E,A,E7,A,C#m/G#,Bm/F#,E,A,C#m/G#,Bm/F#,E,A,A7,D,Dm,A,E,A,A7,D,D7,A,A7,B,E,A,C#m/G#,Bm/F#,E,A,C#m/G#,Bm/F#,E,A,A7,D,Dm,A,E,A,A7,D,D7,A,A7,B,E,A,C#m/G#,Bm/F#,E,A,C#m/G#,Bm/F#,E,A,A7,D,Dm,A,E,A,E,A,E,A,F,A"
While My Guitar Gently Weeps,"Dm,Dm/C,Dm/B,Bb,Dm,Cadd9,Dm,Dm,Dm,Dm/C,Dm/B,Bb,Dm,C,G,A,Dm,Dm/C,Dm/B,Bb,Dm,C,F,A,D,F#m,Bm,F#m,Em,Em7,A,A,D,F#m,Bm,F#m,Em,Em7,A,A,Dm,Dm/C,Dm/B,Bb,Dm,C,G,A,Dm,Dm/C,Dm/B,Bb,Dm,C,F,A,D,F#m,Bm,F#m,Em,Em7,A,A,D,F#m,Bm,F#m,Em,Em7,A,A,Dm,Dm/C,Dm/B,Bb,Dm,C,G,A,Dm,Dm/C,Dm/B,Bb,Dm,C,F,A,Dm,Dm/C,Dm/B,Bb,Dm,Cadd9"
While My Guitar Gently Weeps,"Am,G,A,Am/G,D,C#m,F#m7b5,E,F#m,Fmaj7,C,Bm,Dsus4,Dsus2,Esus4,Am,Am/G,F#m7b5,Fmaj7,Am,G,D,E,Am,Am/G,F#m7b5,Fmaj7,Am,G,D,Dsus4,D,Dsus2,D,Esus4,E,Am,Am/G,F#m7b5,Fmaj7,Am,G,C,E,A,C#m,F#m,C#m,Bm,E,Esus4,E,A,C#m,F#m,C#m,Bm,E,Esus4,E,Am,Am/G,F#m7b5,Fmaj7,Am,G,D,Dsus4,D,Dsus2,D,Esus4,E,Am,Am/G,F#m7b5,Fmaj7,Am,G,C,E,Am,Am/G,F#m7b5,Fmaj7,Am,G,D,E,Am,Am/G,F#m7b5,Fmaj7,Am,G,C,E,A,C#m,F#m,C#m,Bm,E,Esus4,E,A,C#m,F#m,C#m,Bm,E,Esus4,E,Am,Am/G,F#m7b5,Fmaj7,Am,G,D,Dsus4,D,Dsus2,D,Esus4,E,Am,Am/G,F#m7b5,Fmaj7,Am,G,C,E,Am,Am/G,F#m7b5,Fmaj7,Am,G,D,E,Am,Am/G,F#m7b5,Fmaj7,Am,G,C,E"
While My Guitar,"C,Am,Am7/G,Am6,F#,F,Am,G,D,E7,F,A,C,Am,Am7/G,Am6,F#,F,Am,G,D,E7,Am,Am7/G,Am6,F#,F,Am,G,C,E7,Am6,F#,F,D,E7"
Where Have You Been All My Life,"Dm,F,Dm,Bb,C,F,Dm,Bb,C,F,C,F,Dm,Bb,C,F,Dm,Bb,C,F,C,F"
When Im Sixty Four,"C,G,C,C,C7,F,F,Fm,C,A,D,G7,C,Am,E,Am,D7,F,G,C,C,G,G7,C,C,C7,F,F,Fm,C,A,D,G7,C,Am,G,Am,E,Am,D7,F,G,C,C,G,C,C,C7,F,F,Fm,C,A,D7,G7,C"
When I Get Home,"A7,D7,G7,Am,G7,C7,F7,C7,F7,C7,F7,G7,A7,D7,G7,Am,G7,C7,F7,C7,F7,C7,F7,G7,A7,D7,G7,Am,C,Am,C,Am,F,G7,F,G7,Am,G7,C7,F7,C7,F7,C7,F7,G7,A7,D7,G7,A7,D7,G7,C"
Whats The New Mary Jane,"D,G/B,Gm,Bb,A7,G7,A,A,Asus2,D,G/B,Gm,Bb,A7,D,Gm,Bb,A7,D,G/B,Gm,Bb,A7,D,G/B,Gm,Bb,A7,D,G/B,Gm,Bb,A7,D,G/B,Gm,Bb,A7,G7,A,A,A,G7,A,A,Asus2,A,G7,A,A,A,G7,A,A,Asus2,A,G7,A,A,G7,A,A"
What Youre Doing,"D,G,D,G,Bm,G,D,G,D,G,Bm,G,D,G,Bm,G,Bm,Em,A,D,G,D,G,Bm,G,D,G,D"
Youll Be Mine,"A,D7,A,E7,A,C#m,F#m,A,E7,D7,A,E7,A,C#m,F#m,A,E7,D7,A,A7,D7,A,A7,D7,B7,E7,A,C#m,F#m,A,E7,D7,A"
